Population,Latitude,Longitude,Elevation,PC1,PC2,PC3,AHM.6190,bFFP.6190,CMD.6190,DD_0.6190,DD_18.6190,DD18.6190,DD5.6190,eFFP.6190,EMT.6190,Eref.6190,FFP.6190,MAP.6190,MAR.6190,MAT.6190,MCMT.6190,MSP.6190,MWMT.6190,NFFD.6190,PAS.6190,PPT_sm.6190,PPT_wt.6190,RH.6190,SHM.6190,Tave_sm.6190,Tave_wt.6190,TD.6190,Height,GthRate,ShootDryMass,Gth5pct,Gth95pct,ColdInjury
AB_GSIMS_1956,49.667,-110.25,1160,-0.0811817823036197,0.0323891906370523,-0.0486229417439599,1.88708667206521,-0.455067945630621,1.37530716222353,-0.0559056149009083,-0.34148288587031,0.980885810926631,0.923669701383308,-0.498562338350975,-0.297124751914858,1.4121550369201,0.034817436086727,-0.973515345262094,1.68600748787627,0.358280500933857,0.0912911682317441,-0.541039538324679,1.30562609201379,-0.0422188614648936,-0.959054078631315,-0.544335101594201,-0.832913668619796,-1.05958768302577,0.78081607604667,1.22702926004369,-0.0308414456877957,0.413310779370032,0.330726509904936,-0.821722301478801,1.18935597744745,-1.73204821466268,0.141717036186586,NA
AB_GSIMS_2186,54.717,-115.417,1160,-0.0260044214689852,-0.000924502124425325,0.0307325669663754,-0.275535517841222,-0.980035732879025,-1.3078823750931,0.182456854262286,0.16174205745009,-0.254407341474998,0.0774295283908339,0.465427996160328,-0.0660539534619919,-0.710369570059425,0.780641167103324,-0.084413163122227,-0.354942828041916,-0.176242874335713,0.136971526939173,2.06974392529281,0.0511595000414997,0.0739368538635157,-0.733689726491493,2.50567946869966,-0.732035824917604,-0.00970690329505564,-1.27736019968794,0.0904315197282983,-0.0934512255792353,-0.114229703798252,-0.565594572678131,-0.703185796405828,-0.214025290738542,-1.14677112597835,-0.438632577996772,-1.07722944522158
AB_GSIMS_2193,53.9,-119.067,1220,-0.0384753107848756,0.0150747541322998,0.0350234324908753,0.399139738265983,0.173579981025698,-0.717741901648902,-0.201985077573761,0.00302869903358258,-0.517217774691388,-0.311438599482596,-0.150366907039049,-0.19220438936812,-0.389724107089876,-0.141990901093678,-0.478691754827301,-0.321178096709735,-0.0178405680432757,0.468014659133291,0.593822334917584,-0.412294309849543,-0.19063863297493,-0.697266011500962,0.591534193201272,-0.735611192238127,-0.418257259001623,-0.766576105299988,-0.39215885486994,0.219815096587853,-0.600546536960013,-1.08929299390391,-1.30399173418836,-1.24548992279007,0.262106648932261,-1.94207413131564,NA
AB_GSIMS_2206,54.65,-118.833,1021,0.00102168157411585,0.00433164113813356,0.0456158923873078,0.246035874081829,-0.90244303625775,-0.874682240276631,0.161751570878645,-0.0821262584638859,0.0602614902939285,0.466886473712842,0.268589258443312,-0.5033647502805,-0.160462493416927,0.639078436556662,-0.3550368928811,-0.772259833364748,0.067946915206928,-0.225457293641496,0.94508281292257,0.427259667594606,0.219628355485767,-0.705631931888999,1.18823905541801,-0.666778259570534,-0.418257259001623,-0.7219392691398,0.453112031481777,-0.266839368764052,0.385649165176595,0.535375442263515,0.742871762342395,0.846955243642673,-0.422094691644816,-0.0616988189027083,-1.1428156649854
AB_GSIMS_2212,54.417,-119,1189,-0.0198197857536125,0.0121817261274284,0.0327196843831313,-0.265680038079722,-0.459980927965743,-1.31509057306455,-0.0521111886228004,0.021027734804347,-0.399674445028366,-0.106136893736182,0.377457295703275,-0.291350446247766,-0.742653721789959,0.47571077449477,-0.0352789627272506,-0.653039057834732,-0.0227679601684686,0.202722282671664,1.51470237542617,-0.158252066806117,0.110359729269078,-0.477543845961715,1.67431156895913,-0.550061392436765,0.144466526816236,-1.12171262797314,-0.142675850039293,0.0561821183293828,-0.259219794881698,0.207439743419579,0.515659586619041,0.133581010580296,0.141428621062315,-0.223326797367499,-0.526504275933385
AB_GSIMS_2235,55.633,-113.45,914,-0.0185343329578995,-0.038737771701854,0.0261130458448822,-0.308270971091947,0.222835507176984,-0.685541189073557,2.01361033002587,1.56884559911913,-0.392753182522409,-0.328797351071917,-1.03007391160959,-0.922512627195147,-0.460572529737451,-0.660984618777632,-0.665683743473095,-0.35967070117834,-1.55033265517107,-2.27826312963099,0.529389464830133,0.0904187980200966,-0.567961304031215,-0.805079907681103,0.926861642488286,-0.824192852792747,-0.905423603890031,-0.580725289910194,-0.0440807725100003,-2.10176365160405,2.27498076195036,-0.36122287281104,-0.613361261169406,-0.648501236493288,-0.35630344193175,-0.83581778709417,NA
AB_GSIMS_2237,59.7,-117.983,731,0.00434827349174154,-0.13642376465128,0.0571596392358805,-0.806276538200382,-0.0594894573840623,-0.232839040174307,4.07111107647476,3.04773429307967,-0.515782477093422,-0.681830714744393,-1.37813108330623,-1.52154469711864,-1.72860427952887,-0.606544290059464,-1.04978957989915,-1.24090781825608,-3.02028879141536,-3.42046796097808,-0.699984817497999,0.129173956404928,-0.982817554785331,-0.704901431294327,-0.392619029358126,-0.910265228148773,-0.622532436854907,0.489540545555599,-0.206582159310081,-3.51036180313416,3.37801017251064,-1.39446490320028,-2.01713868629252,-1.33049885866643,-1.65278457996185,-0.463854343805635,NA
AB_GSIMS_2424,49.917,-114.083,1432,-0.0650960517998576,0.0373770855163136,-0.0511340967451781,0.203515430416733,0.575403666329528,-0.00379341390878099,-0.181737208827507,-0.174875561631435,-0.0462821490669828,0.204074175787081,0.0346526470609576,-0.252066739076432,0.606963268340523,-0.314604034200961,-0.290847255760173,0.828189783030516,0.166173212648192,0.0729902980784373,0.11191624732291,0.42452814761384,-0.219386338865252,-0.245565639000085,0.00593883264594419,-0.44864520928003,-0.825391721160525,-0.18423320570962,0.33138053992581,0.11018404855536,0.0930394782282561,-0.249484610084417,-0.04107499650392,-0.380924695570682,0.409836549520498,-0.741752757325569,NA
AB_GSIMS_2426,51.333,-114.583,1371,-0.0645895262061096,0.0064494053071799,-0.0498011272856261,0.900681799349376,0.438670739260525,-0.112620037808652,-0.222442352327421,-0.18378148955755,-0.254407341474998,0.0833034702521308,-0.766161810238426,-0.435515944403985,0.693140183374891,-0.651208829975977,-0.658601143146291,0.763333543014424,0.17600176954349,0.0497108888358177,0.512161795481257,0.0416576144708215,-0.435983401814364,-1.00722107494335,0.493089636040632,-0.96235784380326,-1.43963314826804,-0.589846846057023,0.0904315197282983,0.0893893326029389,-0.0248230134681148,-0.296992382548209,0.161287989139813,-0.00305218068373387,-0.308104988848026,-0.149178739966658,NA
AB_GSIMS_2428,52.167,-115.667,1676,-0.0824328311989602,0.0135677144553723,-0.000851903477847997,-0.630249939216896,0.478478583934276,-1.57546804689712,0.507402890653688,0.749348104894504,-0.726052720252874,-0.863541615843393,-0.761227418531881,-0.906963287750945,-0.420593079008999,-0.614969456860146,-0.0424289781227223,0.544632251083545,-0.750653030746549,-0.427636319879871,1.65094424585583,-0.914429948729961,-0.806214182892428,-0.328237049489911,1.61905307944142,-0.670067286968551,-0.985963556291017,-1.35446771787964,-0.883286672890006,-0.436954727999997,0.067103380085433,-0.861199360757067,-0.756325521228725,-0.827377649559196,-0.913844268521894,-0.666239786205008,NA
AB_GSIMS_2430,53.083,-115.5,975,-0.0813124029988013,0.0139086521775799,-0.0335870990088725,0.346223953299284,-0.978826871371889,-0.928001712870109,0.212450563201633,-0.165820154335748,0.426754321752146,0.796178442388481,0.113545194332113,-0.700908290024563,0.306924446451702,0.595956518827535,-0.37683227387291,-0.376092891196189,0.17600176954349,-0.355697172970432,1.5245542775367,0.788157161966168,0.183205480080204,-1.01715179595966,1.72658852637347,-0.865800372559368,-0.826807614708191,-0.897451164444345,0.871223090815892,-0.380143467496231,0.66910960422866,-1.18744637354766,-1.36109868053275,-0.445797427059669,-1.39182811656673,-0.78454889893948,NA
AB_GSIMS_2431,55.25,-116.167,792,-0.0315409129493705,0.00922302303210249,0.00337998560594697,0.166199171820776,-1.05702693572804,-0.691227505842116,0.967331722136177,0.362410835557439,0.43113021925019,0.756542878773837,0.0255744938750589,-1.0601938172309,0.00840100142354892,0.607083591699773,-0.466311044435054,-0.848389250721215,-0.357064543281107,-1.18026292561163,0.969811490168192,0.869931468504465,0.183205480080204,-0.86143595459954,1.32670355669389,-0.796269468622132,-0.826807614708191,-0.614327908916262,0.876238910884313,-1.14603685461523,1.50150551437225,2.05403264374298,1.59521230875623,2.53975537045527,-1.44512986021972,1.16210048912739,NA
AB_GSIMS_2432,56.167,-118.5,609,-0.0080762605117468,-0.259364678516149,0.0205473632691885,1.134087395042,-1.21100934142607,0.329353859981101,1.26715300366191,0.586462552392744,0.56136149921405,0.778764137651965,-0.062396206581995,-0.866182432549152,-0.0853846787934701,0.65047298555066,-0.978969938649179,-0.92710481017914,-0.5766100354707,-1.48261405758975,-0.401224860475009,1.02844326873062,0.219628355485767,-0.962862965322148,-0.0491938207075218,-0.856960555379209,-0.21398208114834,0.507533674077401,0.997132222647212,-1.38521477139918,1.84805995713547,1.89262637245226,1.76413944406924,1.80343637553019,-0.790201416615882,0.764833377769272,NA
AB_GSIMS_2433,56.25,-118.917,609,0.000780644261712846,-0.0325718975680672,0.0804687260707,2.07021899812667,-1.41466784899896,0.981315074130664,1.22639735947082,0.358940400813412,1.47447027171658,1.32738865467619,0.258276165004415,-0.94440270283514,0.252239215576468,0.921540834937254,-1.19101600091067,-1.52693438398293,-0.336482019796353,-1.48053430068883,-0.809401409457251,1.56521902656175,0.380789686467665,-1.10196592706093,-0.423707936069397,-0.933167321891272,-0.622532436854907,1.28865478179189,1.54798467440924,-1.39858850696404,2.0567120214351,0.528927818678325,1.82052043100412,0.450713726403749,-0.610640611632591,-0.917339530644543,NA
AB_GSIMS_2437,55.083,-119.417,701,-0.00399422007246103,-0.13429811983584,0.0185906300262796,0.933723597298291,-0.749062124331976,0.271579604872797,0.797010870091012,0.268216344679637,0.378396560732868,0.722924042382289,-0.150366907039049,-0.960276329114184,0.264782064378951,0.346747228594445,-0.809541472835355,-0.92710481017914,-0.260143374487724,-0.965375499578891,-0.0858173343121637,0.788157161966168,0.0739368538635157,-0.870483594409676,0.192860010054824,-0.776670399103468,-1.03108279256148,0.109596816746709,0.876238910884313,-0.95401677927637,1.24901617020871,-0.193013829407927,0.0897087907962157,-0.256245317896534,1.09643474695202,0.581301145830134,NA
AB_GSIMS_2507,52.633,-116.083,1520,-0.0480985973088937,0.0180237348133796,0.00210934307929694,0.0872387423441857,0.174832309856219,-1.20595289230914,0.229161268353119,0.342297261979041,-0.504449660957782,-0.393577370987769,-0.523298728549074,-0.740525569777111,-0.113107794595828,-0.35365687211735,-0.41360384540068,0.291672270925634,-0.3641855590349,-0.248786231626073,1.17856588672546,-0.376401289431136,-0.535840636244587,-0.808634645476997,1.36090530281037,-0.870359201062375,-1.12349069142969,-1.0445019795942,-0.35604160688157,-0.242977599504727,0.101256074336377,-1.02964354105756,-1.41755259243328,-0.762715419234721,-1.09078790971549,-0.953066290674675,-1.11062849770476
AB_GSIMS_2508,53.2,-117.533,1360,-0.0415135923066973,0.00846816597028865,0.00537143657579736,-0.401403434141717,-0.0561412986908296,-1.37224405058476,0.265332983313946,0.413661094100542,-0.57080929257893,-0.484937505810447,-0.062396206581995,-0.678936071243585,-0.527920680259318,-0.000367922212658259,-0.0918091765497252,-0.183503752199158,-0.429303633465434,-0.139142429378884,1.50260340179259,-0.464572439951236,-0.3810095138636,-0.436722929140869,1.51653252478665,-0.612137711611349,-0.448082974762177,-1.19722317283902,-0.453588671437137,-0.223632451207373,-0.0456773720333077,-0.352750177826886,-0.221204785969285,-0.35311225721069,-0.591936135676141,-0.695153138055419,-0.794240648526942
AB_GSIMS_2509,53.733,-116.583,1000,-0.0368233515280292,-0.0126721454051961,0.0056348476557285,0.365096724329637,-0.364106110086895,-0.928406186991535,0.158864306231099,-0.0745444796434591,0.009260951111613,0.424360769093284,-0.150366907039049,-0.697586135687892,0.210365129734787,0.129800259340005,-0.42637609894009,-0.612241070958702,0.0790806007501071,-0.34511468185927,1.49013124729864,0.427728861148349,-0.00891885191784909,-1.04807368431394,1.74358854019987,-0.915751643865614,-1.03108279256148,-0.972905154046251,0.453112031481777,-0.301887959351802,0.509064793500968,-0.0585985338662111,-0.196026135641098,0.39555236981694,-0.779771059488709,0.0901295677648225,-0.603748308567624
AB_GSIMS_2658,53.5,-116.167,1090,-0.0466244180708739,-0.00328680843151372,0.0121909034053859,0.395686094329357,-0.518088515784927,-0.819074063226199,0.2510497485589,-0.0636476981668361,0.167461926663579,0.566683341038505,-0.150366907039049,-0.791283602311653,0.342286552166445,0.216579047041781,-0.445200752336429,-0.533524760806408,0.0306200741229203,-0.422422294135615,1.42996091579337,0.602188659114556,0.00109110305239004,-1.04866331786349,1.66713486371268,-0.909153018835686,-1.03108279256148,-0.911262767839388,0.62866169862305,-0.406228719800174,0.64569365027936,-0.379663822346953,-0.883075421686127,0.506381493360356,0.501176518150242,-0.313681877433372,NA
AB_GSIMS_2717,50.667,-115.083,1860,-0.0589416457397005,0.000222140737458997,0.0366973438225164,-1.13332572822765,1.62888593945611,-1.2144187160472,0.750746155735424,1.31857546542596,-0.933931689218716,-1.68977209615642,-1.43168050886369,-0.938114823964852,-1.32581710996322,-1.62535289301355,0.223053124892351,1.16604578938693,-1.3143622240884,-0.389304225433777,0.962722868903141,-1.77489483448325,-1.48966107342944,0.737601044946758,0.558109348620591,-0.207481147114491,-0.459409343895544,-1.31587908699812,-1.88255666697168,-0.567667569567535,-0.308402955420695,-0.785844362913205,-0.917145287834694,-0.927607195634555,-0.464930193576357,-1.39355106688809,NA
AB_GSIMS_2835,58.75,-115.417,825,0.0259548375616489,-0.136939537822574,0.0769331880413146,-0.912265957501168,-0.135644207956032,-0.626490788049385,3.75409787902295,2.8936759603404,-0.592407151949018,-0.813403523148859,-1.13814192235783,-1.20750361196635,-1.99558594187326,-0.469803412470199,-0.906637141627802,-1.00582112033143,-2.86824927612886,-3.28233320018112,-0.356749180056603,-0.135557191798134,-0.830047223755721,-0.637542948097299,-0.0647832325414991,-0.865800372559368,-0.21398208114834,0.0232728103579391,-0.366427196394578,-3.30555359069621,3.15846879225041,-1.89661493964788,-1.49199537560711,-2.10580291141112,-1.5263141138441,-3.01080104289048,NA
AB_GSIMS_3116,54.033,-116.067,990,-0.0392791356662698,-0.0115705328587654,0.00831108082873366,0.0908948343583499,-0.67207092148296,-1.12674759554775,0.105468153956681,-0.00913005871359571,-0.132190091413948,0.25244535701896,0.233601521818967,-0.597207931693485,-0.264388777478615,0.514626564002236,-0.282002488042428,-0.449395944253095,-0.00244788354310416,-0.207384480831839,1.62350383609369,0.266594962148714,0.0699592153247337,-0.866092274716594,1.93708174321527,-0.773961304966272,-0.622532436854907,-1.06703758889813,0.290971511635246,-0.205832894782499,0.305934115981233,0.39877611129128,0.0488185985195787,1.12240174522154,-1.13715068787309,0.417054625593309,NA
AB_GSIMS_3242,52.967,-115.917,1067,-0.0483289703362912,-0.0245502904319458,0.000441108789518574,0.193214631699195,-0.378050897346078,-1.09733626240624,0.089382758410639,-0.0724583826008328,-0.0434727074057091,0.336874662832872,-0.134433493122648,-0.641486656124836,0.214218161719864,0.169995498365551,-0.318409303867538,-0.139944711433676,0.0790806007501071,-0.233568975920913,1.65557197893755,0.318466343259982,-0.0651576700508494,-0.972587355162583,1.82435918211007,-0.867145654522617,-1.03108279256148,-1.06800710770913,0.392665087367936,-0.223632451207373,0.35154189084725,-0.407777176941738,-0.235228670623781,0.283304242404284,1.44461438751719,0.218284014636054,NA
AB_GSIMS_3243,53.883,-116.833,1069,-0.0358660684574078,-0.00849925878840497,0.0230059190237635,-0.374231962295954,-0.518088515784927,-1.35278833687512,0.164400874154141,0.197439847426193,-0.413062090335529,-0.161992139864184,0.289486595246221,-0.661498868133114,-0.581071488553776,0.431217048537203,-0.0149088970117468,-0.362301884941942,-0.209104017175276,-0.189438416575464,2.10188104125289,-0.170306159070234,-0.108177523164298,-0.662376824415188,2.29588655746759,-0.685931810690081,-0.418257259001623,-1.33381411567941,-0.15187565149567,-0.197547447670832,0.138880967253952,-0.270800779910874,-0.111240882524319,-0.057956927999225,-0.323705251799986,-0.668025631841252,-0.470246794225622
AB_GSIMS_3444,58.633,-118.8,625,-0.0421169437841698,-0.48169628643443,-0.0720801588619796,0.167709848729407,-0.606740709226585,0.25683934756235,2.95668561966029,1.93083105776086,0.220211376471923,0.263616130774409,-0.691488194722894,-1.07447886659213,-0.431241292698253,-0.00035501185529601,-1.05180700931334,-0.922858882827661,-1.91512795500224,-2.92829634953321,-0.555867669262024,0.908318261254306,-0.405065973853984,-0.90371766977741,-0.202731543880861,-0.931725478830072,-0.826807614708191,0.652017403022539,0.746208632326279,-2.83538718002257,3.23380148046673,-1.20913951488462,-1.35101938822045,-1.06938033182741,-0.864791412858515,-2.44566946166074,-2.91815431439437
AB_GSIMS_4021,56.55,-119.867,945,0.0275242293777157,-0.031370060880566,0.0407852162510037,0.558553902345563,-0.749062124331976,-0.155186986391604,1.13710235460886,0.760779308188007,-0.0941283527223327,0.152141165497836,-0.238337607496103,-1.11034041908124,-0.574398447880719,0.302154854265239,-0.811716613329064,-1.00676699523647,-0.744749102915629,-1.15422859266295,-0.270844978890954,0.427728861148349,-0.0353317723531728,-0.724606591025639,0.043910430427837,-0.754477156754325,-0.418257259001623,0.132566095616835,0.395047039847274,-1.16372595831334,1.27304683649497,0.61740183647207,0.790658986398246,0.182136562696915,-0.873730670104659,0.655925851254977,-0.41386786953408
AB_GSIMS_4022,57.767,-116.533,755,0.00770069135895337,-0.0686563144021247,0.0517744962397038,0.583279627696837,-0.945082130914199,0.488053649902677,2.36058973865847,1.37893007583709,0.875608190547191,0.79696766437219,-0.414279008410211,-0.934009095492011,0.00050365217754128,0.327049002572891,-1.02363699783009,-1.24196930009395,-1.34011797782516,-2.62855875921593,-0.47826710525604,1.41292189260057,-0.113482893779251,-0.976046660352676,-0.134572111958912,-0.911615780171945,-1.03108279256148,0.750328511475259,1.22165372595129,-2.50488326699312,3.10247087959125,-0.861242854646265,-0.385743651025071,-1.08478417821852,-0.885056768955926,-1.78388063315221,NA
AB_GSIMS_4968,53.683,-115.833,835,-0.0411788232109997,-0.0774114209275041,0.00980869109339892,0.393630878862331,-0.595079718633943,-0.719874650861019,0.373544595246301,-0.0381323634764756,0.378396560732868,0.745549783266029,-0.150366907039049,-0.903631847667902,0.441155369465001,0.259968440892669,-0.45024996239669,-0.533524760806408,0.0306200741229203,-0.564062113948657,1.33126329061877,0.788157161966168,0.0739368538635157,-1.01789624127622,1.56930997235141,-0.865800372559368,-1.23535797041476,-0.817781431404703,0.815791966770473,-0.562739487321629,0.85598435951742,-0.598467507362605,-0.451862349864383,-0.470017078131598,-0.612618670195859,-1.04018955905868,NA
AB_GSIMS_5601,49.667,-110.167,1299,-0.0860611760314979,0.0363944430649719,-0.0552493486265528,1.65350167931378,-0.447057035409865,1.19066773206908,0.0660136296676548,-0.178922087220144,0.681931727679677,0.727015233247227,-0.418738216584624,-0.395167233552587,1.18961656244484,0.0463804817960434,-0.943389403872659,1.80568468558268,0.185961001058189,0.00249761556480355,-0.49154551917692,1.06920696508788,-0.100692426637777,-0.905183640358554,-0.513495012704866,-0.808481840816728,-0.842621672856974,0.636973465178022,1.03815057421238,-0.143357698055877,0.42146431675205,1.07141538092595,0.806935320567407,1.38461509975054,-0.576308118280986,1.08036959980876,NA
AB_GSIMS_5766,49.631,-114.637,1364,-0.0673930516388546,0.0373947955756454,-0.037298710476,0.308884309611862,0.484971662214099,0.0830441885305636,-0.125345651682022,0.116374407371514,-0.5052105597895,-0.397289560836098,-0.326951282280533,-0.075179699281236,0.0628137956937767,-0.435804482908924,-0.45805760955473,0.474451335907615,-0.116838492757457,0.237724920004985,-0.370007265059019,-0.278912149714902,-0.291586841898884,-0.183091560862137,-0.486307740711931,-0.380704730093449,0.196060534406209,-0.0175824271850277,-0.334020075743338,0.114547180029915,-0.323449737602914,-0.229733111329603,-1.01173884072347,-0.131842888500024,0.0300410672454929,1.3762215696037,NA
AB_GSIMS_5767,49.867,-114,1662,-0.0858535988412113,0.0160767509795587,-0.125439105136253,-0.191599074973643,0.790761932648349,-0.361380901117833,-0.127303544970948,-0.0824887128644437,-0.136132482769929,0.0965499115982414,0.179194349716224,-0.262242488523908,0.422483111087291,-0.371215289164812,-0.0438482662240151,1.44176832420389,0.0790806007501071,0.0733176380366475,0.391743809977272,0.367657191235762,-0.25386902478655,0.0311798917850918,0.238470743146109,-0.288020129552853,-0.622532436854907,-0.411838677441311,0.271771775605038,0.0633040802989951,0.0699202971647372,1.33899500004823,0.82537229036617,2.17673080169223,-0.380445604440681,0.470471218533396,NA
AB_GSIMS_578,55.067,-118.733,670,-0.022797953531139,-0.328394522613242,-0.0683498879553927,0.993092331218352,-0.700304710210841,0.463328248553682,0.959507023420107,0.288232029113358,0.747532170354123,0.956278480553123,-0.238337607496103,-1.12146045750595,0.592440492721724,0.259968440892669,-0.837817294724394,-1.20289115401746,-0.277914891648237,-1.12942639973578,-0.0512959266294031,1.13952641801556,0.0508707741827742,-0.963533326134417,0.272466964790163,-0.82866288361941,-1.43963314826804,0.18621779332921,1.11802553441011,-1.13455051733405,1.53310102294021,0.959772967488396,1.15230995782256,0.911569922795939,0.351063756172855,0.384573510157127,NA
AB_GSIMS_5881,55.717,-119.667,791,-0.00346528529992365,0.00350791890843321,0.0480219295969203,0.400222468000806,-0.67207092148296,-0.197704943798167,0.905716912874183,0.468479015119208,0.114728268146257,0.391691386490165,-0.238337607496103,-1.03470372915125,-0.16361621624417,0.267433606761286,-0.637744438855635,-0.816586083775422,-0.453985654304985,-1.03619529692009,0.193541211151926,0.547871628087622,0.00109110305239004,-0.716472710809837,0.478164134857727,-0.708545014481079,-0.826807614708191,-0.213716082650415,0.574005343244675,-1.0322722874208,1.22589698914519,-0.248748845191417,0.569816052433225,-0.270411571759361,0.193899669288534,-0.196622358882629,NA
AB_GSIMS_5907,56.7,-119.2,1025,-0.0299633663061349,0.00314732173689674,0.00682781053734011,-0.104513328431217,-0.441097312935911,-0.648304035107354,1.49069470977075,1.22079545391782,-0.456591638979534,-0.334115761461261,-0.766161810238426,-1.10960255938875,-0.777639467513897,-0.129808158230974,-0.642018152397512,-0.770993411964121,-1.22935484578591,-1.48863900391824,0.192370846274652,-0.163017904624909,-0.329785954941717,-0.625220377674483,0.506851450048675,-0.754512517156392,-0.21398208114834,-0.437967922279252,-0.141325193055003,-1.48004838802162,1.41468952345365,-0.332169627044188,-0.249533666688322,0.00518002307776214,-0.145101137571083,-0.279007250581609,NA
AB_GSIMS_5908,56.333,-119.95,742,0.0126324427647337,-0.00767243891978503,0.0325792476114851,0.627918092503179,-0.637170185181712,0.0909856582231556,1.07501400221648,0.678646347325846,0.0619946096289351,0.273481176012309,-0.414279008410211,-1.16577632492279,-0.308108642021077,0.173189653190893,-0.811425969556197,-0.92710481017914,-0.69628854740369,-1.03085452262255,-0.329286626293999,0.547871628087622,-0.0717546477587356,-0.712789884404881,-0.0406712156173769,-0.736165908545551,-0.622532436854907,0.247762990027813,0.574005343244675,-1.11052779556523,1.21541645247896,0.304662889162763,0.183029224382403,0.0723818854781738,-0.939518017180586,0.0201485364388887,-1.1270070233763
AB_GSIMS_5909,54.767,-119.4,1016,-0.00246893252106523,0.0114850641670426,0.019654712966765,-0.010571741216763,-0.749062124331976,-1.12249141286994,0.0747951975008927,-0.0910295407374412,-0.0698836919303483,0.364735713943623,0.262328648291156,-0.454128865862803,-0.244172573660076,0.563694197848885,-0.174572781232176,-0.745035151375934,0.0790806007501071,-0.221543847634915,1.25793143647378,0.277499845293406,0.219628355485767,-0.604939681239748,1.53068659557134,-0.59927644203844,-0.277045060248798,-0.915737049626724,0.313299145572735,-0.218509335317814,0.319595370069656,-0.212682696340244,0.345732006835139,-0.506826665268492,-0.323262895939811,-0.734722228769736,-0.255688804030798
AB_GSIMS_5910,54.55,-119.2,1162,-0.00119709892536471,0.0148117134884834,0.0312121075025622,-0.0577337914648992,-0.67207092148296,-1.21822098805287,-0.0578656234020312,-0.0805653234541845,-0.254407341474998,0.121092006501761,0.377457295703275,-0.236444542237618,-0.513255061739719,0.547705878877555,-0.147833330899782,-0.848389250721215,0.0790806007501071,0.135439062636878,1.24543859004497,0.0382518077833934,0.219628355485767,-0.543836039660983,1.39616274060346,-0.565974593378448,-0.00970690329505564,-0.967091367960483,0.0904315197282983,0.037219076762454,-0.116977388569878,-0.270841877705415,-0.062885845963722,-0.0905596334699226,-0.257616095370337,0.0201193685672354,-1.18684816117224
AB_GSIMS_6098,52.65,-115.1,940,-0.0589946657927373,-0.0129871147532734,-0.0139254304760664,0.57537279419983,-0.749062124331976,-0.56579910838714,0.172073806395148,-0.226719769173992,0.513787670183458,0.880054971431954,0.0255744938750589,-0.678936071243585,0.591535406979259,0.433526016296221,-0.485919230583129,-0.0992765946834961,0.224462296170677,-0.351602271663771,1.15706224718756,0.848228831878756,0.146782604674641,-1.03720273408574,1.37828877201818,-0.880655368135351,-1.03108279256148,-0.714755087224855,0.936685278533372,-0.354058215192287,0.671027824218481,-0.142805536203906,0.314515592960918,0.175573832063033,0.795064520617663,-0.823703135712987,NA
AB_GSIMS_6099,52.501,-115.512,1152,-0.0408699503533792,-0.002115221195296,-0.0057737158750079,0.17851476320438,-0.117718048833212,-1.07487599778919,0.111095411602627,-0.029815093244698,-0.106764503565361,0.257195839779538,-0.414279008410211,-0.703694013936198,0.397737752219885,-0.142022680434877,-0.327187326202728,0.0586116971031195,0.0274935885340695,-0.288388963434022,1.56549889742122,0.235487257669766,-0.23647512324285,-0.955127447779658,1.65317347212089,-0.888082865923343,-1.43963314826804,-1.05504502140951,0.300638249565065,-0.24449508066071,0.368982699770788,-0.0989629912840266,0.136720747859369,0.338277628071539,-0.462832591432215,-0.207220266666084,-0.253830603940201
AB_GSIMS_6110,52.079,-115.484,1655,-0.0593989728295542,0.00151018116318966,0.0211813818688299,-0.648902055205641,0.52329809351516,-1.62940713029073,0.465020119480817,0.67260566112093,-0.676276609613575,-0.773263619598727,-0.460555709738594,-0.933315521666832,-0.377407322704313,-0.500476104319272,0.0200915779769139,0.704094748962107,-0.662748901732622,-0.417782576667421,1.82719233877306,-0.823796534603037,-0.746526540398325,-0.36906770226204,1.79658340601439,-0.746480719163847,-1.03108279256148,-1.39160385274835,-0.76255361833651,-0.44034542769771,0.103997144556313,-0.293726416735935,0.140077174558918,0.658119862908351,-0.0193493370663643,-0.0245108166390081,NA
AB_GSIMS_6111,52.178,-115.431,1476,-0.0675486616500341,0.022072073512623,-0.00209771443587424,-0.208578321740812,0.328814715554252,-1.3672200611179,0.401126697880677,0.475515789512519,-0.510349669493106,-0.425940981722855,-0.150366907039049,-0.922356198083186,-0.0985436152376672,-0.251536276416769,-0.261357181334647,0.163386860889057,-0.47344739163103,-0.473094249509781,1.31465093406982,-0.437395878531856,-0.61618815665142,-0.63082970543948,1.27429481622664,-0.827531124084026,-1.32766846328768,-1.1163893043447,-0.375430423360284,-0.428492158497665,0.295218101274882,-0.34783780675693,-0.194515483715903,0.0395407147990409,-1.21452250414383,-1.04787800854539,-0.867127299361162
AB_GSIMS_6112,51.957,-115.217,1392,-0.0592133220898135,0.00342458583657832,0.00891573023374852,-0.381849822877002,0.790761932648349,-1.40155281772934,0.123799376051831,0.254040938269501,-0.524479555769027,-0.391109387989848,-1.03007391160959,-0.812282246299923,0.314124556726844,-0.954934586932192,-0.0374938379303062,0.699483233452889,-0.26602841169064,-0.192224408310575,2.0608503864813,-0.435500771968019,-0.804635243240524,-0.676930651756421,1.87821373015067,-0.860050397179045,-1.79739913501756,-1.37920185366381,-0.35506334614647,-0.174629999471853,0.0179334486498144,0.371181859079253,0.483710467756139,0.621610762720068,-1.0974769322805,0.0181824775337402,-0.567808565032829
AB_GSIMS_6115,57.72,-119.544,964,0.00548901534134971,-0.00312698972317677,0.0380905724543749,-0.44660982259792,-0.268842184320496,-0.679545337145089,2.35068525755068,1.81228465790544,-0.465341975544286,-0.441518130108114,-1.00222332425175,-1.22639439152815,-0.87056560610175,-0.353506251281457,-0.684090624349527,-0.970707391218028,-1.80226673565262,-2.23593856832183,0.183915831275712,-0.0338252590916404,-0.575199639133786,-0.629816558009136,0.489056694020472,-0.799684637454445,-0.418257259001623,-0.395823557395678,-0.132218778893314,-2.17538188659624,2.16968768234361,-1.11355442847484,-0.728544260042406,-1.21892298860899,-1.06670392562581,-1.67843929535163,-1.90414905888187
AB_GSIMS_6121,53.944,-119.314,1393,-0.0192193486939314,0.0120528255660914,0.0263113595686052,-0.358098921767078,0.58616476584883,-1.31851917600667,0.0574734604262859,0.475839881950973,-0.762067349400902,-0.960914575395355,-0.35644621943176,-0.334905596750275,-0.944724257711359,-0.50485072925625,-0.140448925364902,-0.526871356613311,-0.474481985688878,0.192071802105633,0.946269513537895,-1.12004442781908,-0.54413937854738,-0.208965358476397,0.884462229278573,-0.517767088566435,-0.085928263488465,-1.1368227449816,-1.10433036416411,0.0261862424562503,-0.615039460680804,-0.921759740240327,-0.412331770283504,-0.939208769720792,-0.382857354181237,-1.78416345891193,-0.485934646948765
AB_GSIMS_6122,53.916,-118.911,1207,-0.013477643804506,0.0197679441455794,0.0401919829125391,0.226104092480853,0.347771167720568,-0.889787036476843,-0.107173863706145,0.0615459037426129,-0.486140513960552,-0.30511885509298,-0.249003732768194,-0.467931770700865,-0.321038201749206,-0.283239479611193,-0.388488830348737,-0.759543821447014,-0.0901642905518395,0.350785304924662,0.797827387898744,-0.512049213308212,-0.344650551889917,-0.663624750254065,0.864800625959215,-0.734203916236639,-0.826047847944859,-0.904474235145109,-0.378972799445843,0.135137160409979,-0.540392040019469,0.242905029264725,0.582223190722747,0.222312307627363,-0.233618238422185,-0.612581320497095,NA
AB_GSIMS_6134,53.835,-119.614,1713,-0.0551281271711073,0.00299180014120573,0.0196083471335753,-0.754628225191079,0.688295353917666,-1.53688691557661,0.171965930573152,0.695925104187473,-0.84025020726724,-1.25383231749025,-0.348176146715758,-0.400115822080743,-1.24451341505182,-0.569179729644292,0.110351872232457,-0.000518996960050632,-0.701593405471927,0.141553385831535,1.24690699138758,-1.45599503270187,-0.667561773195976,0.13880555957377,1.10130267933519,-0.366515008748659,0.194568274558228,-1.34744036989,-1.44237968871111,-0.0438920323966514,-0.695555311600652,-1.82179662711181,-1.4081614088288,-1.70663308906406,0.356578226993317,-1.42139314149193,NA
AB_GSIMS_6324,54.267,-116.867,900,-0.041928069499593,-0.011721701843988,0.0312945124926616,0.13749697870227,-0.826053327180992,-1.12031939648765,0.134218646927826,-0.135577699935923,0.114728268146257,0.536038204931123,0.201515894789167,-0.561486379688131,-0.041793579880425,0.563694197848885,-0.267491506126017,-0.773762723491633,0.127541242916303,-0.274350266656806,1.66402336377248,0.547871628087622,0.219628355485767,-0.889933591084457,1.93490898797095,-0.753841179522921,-0.622532436854907,-1.01849131070888,0.513558399130835,-0.29342538984947,0.479772471831128,0.59251633766585,0.373776381956044,0.910834593349574,-0.477271069398257,0.833257575422245,NA
AB_GSIMS_6328,58.565,-119.308,645,-0.00402988036708476,-0.0396877712289318,0.0365573536708625,-0.0843199678785702,-0.472023726128665,-0.128568447220465,3.07526811698966,2.10531845814617,-0.0445054779548269,-0.00670456524418108,-0.85413251069548,-1.10960255938875,-1.13353358995234,-0.13255309882707,-1.00666458460684,-0.92710481017914,-2.10164517717547,-2.99554827640831,-0.484259053973248,0.666837687384174,-0.510522580685803,-0.843458824804728,-0.12641607308636,-0.910219894299969,-0.622532436854907,0.463406548174468,0.453112031481777,-2.88431823551353,3.19060404823619,-0.887332527824612,-0.508627020382015,-0.906588104732755,-0.976771658694053,-1.31439167402783,-1.81214767202932
AB_GSIMS_6330,57.289,-118.409,699,0.0203406389467556,-0.0234387014389116,0.0382178744950683,0.342643695796013,-0.666605786661585,0.0651098549776896,2.06630555385883,1.39065560797776,0.0745950540495895,0.237586956170347,-0.590220409324318,-0.8130736776061,-0.357744272843657,0.0998588233733222,-0.936650798979025,-1.17055199129215,-1.38267015725433,-2.35816829929236,-0.299801345144247,0.632131113668822,-0.223408994690836,-0.879189968844126,0.0369587554486477,-0.865800372559368,-0.418257259001623,0.260131483682855,0.537897895157601,-2.16766362916255,2.55301947346798,-0.835490991094294,-0.548565814010278,-0.789631201280394,-0.54598612549301,-0.780628065397639,-1.9394790883428
AB_GSIMS_6333,57.237,-118.25,725,0.00233938624041757,-0.046810740041769,0.0358004587989319,0.260102340670681,-0.595079718633943,-0.0435755852593165,2.04599951677719,1.43826809425249,-0.0962063659230313,0.0728411139026519,-0.678191109781372,-0.828733017430402,-0.445193110751242,-0.000367922212658259,-0.917489963154163,-0.953108863123841,-1.42319714004555,-2.3109548008907,-0.246585681852006,0.467955190529533,-0.290291900192112,-0.863837185000766,0.0755214739642965,-0.865800372559368,-0.418257259001623,0.139239854393048,0.372696347318503,-2.127848903908,2.4281129251929,-0.499152222162339,-0.0894561731592753,-0.748137799268591,-0.404800438245848,-0.580766296239658,-1.80949899119551
AB_GSIMS_6338,54.361,-116.184,940,-0.0256020159219479,-0.0191589775289322,0.0297492525057641,0.112552435709433,-0.749062124331976,-1.12021863054531,0.110343453666947,-0.0561340448997988,-0.0941321748182487,0.321894136883814,0.113545194332113,-0.623498736825679,-0.241357533420818,0.476915410147109,-0.275972857513327,-0.455624455433297,0.0306200741229203,-0.188212580212015,1.66193311533472,0.309948675668951,0.146782604674641,-0.894249862819735,1.96213051404262,-0.777177741538892,-0.622532436854907,-1.07046250914885,0.332218143254096,-0.249987864910563,0.325383984737788,-0.270811995244688,-0.186195581161093,-0.247532826095454,-0.230570998756604,-0.551234368703598,-0.184701896093445
AB_GSIMS_6339,55.013,-115.176,902,-0.0262366749999675,-0.0235373562701622,0.0283561661208183,-0.0429443914770475,-1.02491280729358,-1.16667933844438,0.277512639540065,0.124677787927358,-0.0964666707712117,0.239774648289237,0.252792761815831,-0.541931312116634,-0.658474537179832,0.712174893732887,-0.241050289342432,-0.758171552140348,-0.135214394475076,-0.256942489773251,1.70182099447553,0.349218285593784,0.219628355485767,-0.855084970462361,2.02475981525296,-0.786110719778342,-0.00970690329505564,-1.07751409510876,0.367153638439309,-0.36180781731871,0.393251048947748,-0.250747230804548,-0.0110253484474259,-0.0150934100584372,-0.134792697670507,-0.614244950458492,-0.849064627192734
AB_GSIMS_6340,54.839,-116.448,905,-0.0122840861831076,-0.0133859578295348,0.0223804948272715,0.0569149601689587,-0.903044530030008,-1.14913879002899,0.155006423587111,-0.0307483471848203,-0.0751524511506869,0.342835377791855,0.201515894789167,-0.648962396242573,-0.375609158303799,0.607083591699773,-0.248754135153019,-0.564952580567664,0.0306200741229203,-0.276025463788197,1.59580350658834,0.331569389610672,0.219628355485767,-0.830856954279493,1.89452580789577,-0.74041799689409,-0.418257259001623,-1.04519394988283,0.332218143254096,-0.294511757096712,0.389811041099337,-0.745734581239165,-0.233992686323278,-0.8507523653497,0.775580985152564,-0.679228177438337,-0.800750004105967
AB_GSIMS_6343,52.5,-116.029,1586,-0.00814288380740518,0.0206055056326208,0.00194907558236757,-0.315563444828898,0.66007801228512,-1.37811595854842,0.44522860776585,0.692896493420769,-0.71493625486238,-0.842525997994479,-0.880753527105763,-0.931086228249341,-0.285354388979616,-0.812209262153319,-0.268500499868993,-0.119813340538236,-0.695197281461831,-0.404584292588965,1.4277080360079,-0.832419040314136,-0.892980834935831,-0.602786109099273,1.49841164138381,-0.807299420705307,-1.33519599860438,-1.26254058188205,-0.828318450064555,-0.392304959508122,0.0642705880820752,0.498338855702882,-0.0349478185743064,0.957850551311752,0.518226373483615,0.264269736005981,NA
AB_GSIMS_6345,55.526,-113.975,853,-0.00816355084340878,-0.0434907204629214,0.0368668101674904,-0.38903639555689,-0.210123704388862,-0.966649738487248,1.57965498230269,1.13968106929081,-0.24915226133478,-0.0696375577950184,-0.766161810238426,-0.922356198083186,-0.35091596814799,-0.256380308706045,-0.417575084048368,-0.409095667743761,-1.13243369865609,-1.84117423316225,1.02576357109222,0.253500509086554,-0.359507923841468,-0.718785100655609,1.39787972630014,-0.766694912343466,-0.847163909229757,-0.81496554956393,0.176221585054414,-1.68440110734537,1.89866745113817,0.499405706374695,0.212231774096516,0.924939140245143,-1.7465786138496,-0.393709278335275,NA
AB_GSIMS_6349,49.734,-114.447,2042,-0.044442467975057,-0.197667215786711,-0.0879130903922889,-0.799004944009382,1.21216353536366,-0.837295885909608,0.2035471062656,0.559890279505136,-0.676276609613575,-0.828243329762254,-0.590220409324318,-0.246682434756969,-0.6598276113822,-0.975473972391117,0.22644062047856,0.873161630598594,-0.57384677564201,0.0153591041979474,0.555957546180329,-0.621921854682217,-0.652709958934152,0.63833085168172,0.200215597712451,0.000851121735839169,0.398843452411512,-0.811899208696982,-0.723989853813216,-0.117902822350173,-0.254984717920265,-0.683820732740031,-0.754294156193269,-1.26365627318397,-0.358057083985375,-0.225159426213481,NA
AB_GSIMS_6350,56.633,-119.209,1030,0.022080512211529,-0.0101979934255449,0.0745122742778553,-0.0602820982890991,-0.465824345979827,-0.620343657306553,1.46209598327467,1.1852306079828,-0.412793537806688,-0.300129861092997,-0.737908524972007,-1.10384753950259,-0.757092861855245,-0.115399537345096,-0.652995200697759,-0.902912933441382,-1.17955279572295,-1.46111543175115,0.16993897379904,-0.0938321928973012,-0.314512867798464,-0.635527403349485,0.485829198601718,-0.756876224033015,-0.21398208114834,-0.408192763932199,-0.130268022070933,-1.44963483167948,1.39507781866577,-0.844429935433032,-0.184137523256139,-1.37769709021299,-0.915548148110581,-2.17000099621986,NA
AB_GSIMS_6355,57.323,-118.961,992,0.0154381350543821,-0.0120591550760075,0.0465265237809279,-0.173007593186339,-0.342032933354562,-0.446172156965237,2.46960671763446,1.86878719819093,-0.444361786990534,-0.409067287158425,-0.893945910591052,-1.12655118938241,-0.990845125099454,-0.249391832955419,-0.865781266113668,-0.915330919694594,-1.85474594009767,-2.41606559759555,-0.138876900551915,-0.00602310626726956,-0.516863904666173,-0.773979425470483,0.194034401629292,-0.859604878779927,-0.21398208114834,-0.132956829084196,-0.154663435181555,-2.32225018082473,2.36795225467078,-1.35767442083626,-1.47240878677341,-1.65096678865461,-0.51861303225764,-1.29046396723955,-1.82332600530442
AB_GSIMS_6356,54.74,-117.394,809,-0.00732703207455811,-0.0308392529789917,0.0150493479954798,0.203398839032144,-0.903044530030008,-0.791984318013068,0.590233013840084,0.11899889470986,0.332157045502879,0.702160479721889,-0.062396206581995,-0.907979005546418,0.10505471866621,0.520304803997997,-0.398084762656109,-0.83980581130523,-0.120729557739664,-0.823611857910955,1.03338945663096,0.735483740592092,0.159915425503399,-0.784045486351242,1.31278783720708,-0.696692479711362,-0.826807614708191,-0.68841292845195,0.762789488851736,-0.797369189683474,1.08409026130462,0.717376331597435,0.662565095466555,0.721130691061958,-0.407782402524661,0.322743827115519,-1.30536273780675
AB_GSIMS_6358,54.402,-115.561,1039,-0.0254079429285732,-0.00595410428780142,0.0122599560497603,0.302527573606241,-0.865754265735064,-1.11056391714569,0.0930555599874767,-0.0465693494865396,-0.0679489067450318,0.332009400842552,0.205440857071522,-0.49779615960996,-0.314657471476048,0.585768922729505,-0.399721475515291,-0.493477468299452,0.0306200741229203,-0.0902996604974674,1.25848503648552,0.364977230986176,0.146782604674641,-0.88984769159762,1.58727195488901,-0.791012782184104,-0.409144733329412,-0.88798790044207,0.361912420641115,-0.170825599583583,0.240327905538585,-0.245888504599916,-0.487918898869294,0.00426443659900032,-0.699182893658346,-0.116352093636068,-0.888371209126706
AB_GSIMS_6361,52.137,-116.859,1748,-0.00221995700829359,0.014735388596567,0.0590430551575186,-1.79011589934616,1.47593265200905,-1.49467555200365,1.38669263450997,2.17235797116029,-1.04541221923483,-2.424985287206,-1.81295488871326,-1.08710819594639,-2.63489776907083,-1.73157600304209,0.674093865043561,1.07971293416602,-2.14034924324909,-0.656112406529951,0.322028325220439,-2.605085564745,-1.90479659809242,2.14390160333747,0.344847260414231,0.653808599548085,0.398843452411512,-1.30152985215458,-2.89479769511375,-0.836289098590799,-0.367023758309608,-1.33084007022827,-1.15692045866457,-1.24259910934653,-0.340006890036719,-1.07200412339324,NA
AB_GSIMS_6362,52.107,-116.568,1944,-0.0136049149984345,-0.000173922859079863,0.0143908860045928,-1.90911427799248,1.34129438001024,-1.64570433507364,1.14931611863164,1.83249281356282,-1.00586921721278,-2.11016824197241,-1.57114553321804,-0.957941321045687,-2.32380539088439,-1.50534632132679,1.24512293567452,1.13026694506253,-1.82402694825811,-0.601499088949191,1.72217169392341,-2.38397853220792,-1.61502087871744,2.35544273014689,1.51275315809936,0.722354058946951,0.0995397647924884,-1.72178477112462,-2.36497064334662,-0.737129168069394,-0.333985836503323,-0.190507370573815,-0.0410839173026223,-0.116228626412461,-1.48306826226453,-1.16747709682932,NA
AB_GSIMS_6363,54.739,-115.902,1272,-0.031497033460472,0.00632250099172038,0.0424014027018016,-0.766725834114957,-0.832466519569188,-1.41057910794819,0.249015972032441,0.351801107383448,-0.436569388360121,-0.232744123103533,0.465427996160328,-0.339559898547253,-0.967463191369256,0.71753666445587,0.293250739358071,-0.297376581043895,-0.357064543281107,0.145112251071828,2.96507051529239,-0.197757705722577,-0.0154585854215304,-0.518520740835401,3.37588483321238,-0.618491023851938,0.194568274558228,-1.57146717659873,-0.178821344801982,-0.221459716712889,-0.218019516291143,-0.478808566113461,-0.441633888595364,-0.66173181778059,-0.850082763812878,-0.87770225981348,NA
AB_Industry_1384,51.14,-114.624,1263,-0.0749762887495098,0.0109798061549912,-0.0281187967981375,1.21384158133745,0.154030258634791,0.288873044763642,-0.250360773700962,-0.348838461396957,0.0532151547281907,0.431629049037492,-0.559128103802365,-0.360617114166486,0.918542968539253,-0.354706914516146,-0.742031866811239,0.686174172983588,0.334477269798253,0.0261043647656333,0.22339350188323,0.477799088983709,-0.241906097645669,-1.04075863816747,0.212003520433288,-0.949324078935652,-1.43963314826804,-0.257205179629933,0.469443855221398,0.0893893326029389,0.146872227634532,0.217906036688067,-0.0472322198608179,0.73705175192967,-0.287237594333647,0.68106623057199,NA
AB_Industry_260,51.577,-114.629,1200,-0.0800448141497599,0.0252906125653646,0.0277296127746429,0.979241675616447,0.174832309856219,-0.205141655915846,-0.16708619155188,-0.221234670006427,-0.141832535339958,0.268172866195182,-0.590220409324318,-0.530569129998075,0.699724206008319,-0.39087246687065,-0.680784160782942,0.417895523530366,0.224462296170677,0.000694769357549503,0.73927465747695,0.19095168053369,-0.321805668260375,-1.14403603742264,0.728374718119265,-1.02238359966183,-1.43963314826804,-0.6714042892522,0.271771775605038,0.0111338244585102,0.0930394782282561,-1.44102519650458,-0.508405116558465,-1.07313368904618,-0.664203345857931,-2.00037249949769,-1.49648600543842
AB_Industry_2931,53.054,-117.396,1707,-0.0615095978186526,0.00993547115851161,0.0191838239291042,-1.35986529402982,0.277505652071116,-1.64570433507364,0.646734826421286,1.03444362463251,-0.845643938965888,-1.23147906249792,-0.441355073457196,-1.02174225579214,-1.67675810306172,-0.401179566532982,0.711751877755703,0.107343022071516,-1.02499031466743,-0.340868943020284,2.56780133860699,-1.25394848701045,-0.791364035937523,0.56519256015609,2.42928763985465,-0.165619984463813,-0.208712806426645,-1.68520444618212,-1.23907093645609,-0.490680526409066,-0.148543352140296,-0.851268446112015,-0.88096023850387,-0.263858738035395,-1.24841204500794,-1.84191672020261,NA
AB_Industry_3344,49.575,-114.737,1500,-0.0483530688600073,0.0151026532416868,-0.0565756078716405,-0.551829705353144,0.412389455707435,-0.239932220224825,-0.151672904681118,0.138898831844133,-0.533917014656169,-0.483275043446858,-0.355205909873314,-0.0406974372724689,-0.0866036048803028,-0.434261860721537,0.17856319768822,0.0995590721585948,-0.160439564196858,0.309384229522364,-0.130019300364111,-0.349750637269798,-0.290291900192112,0.668524673429149,-0.373678902572162,0.286619837747031,0.398843452411512,-0.253104210110265,-0.407829473504576,0.167644840747368,-0.422535280934562,-0.688600768992288,-0.588719937377436,-0.834152530357212,-0.336826972840664,-1.06267322667304,NA
AB_Industry_3824,53.331,-117.031,1140,-0.0405132794546436,0.0110305347996977,0.02253462078586,0.143166527091559,0.269179897453944,-0.916677550905994,0.0637080483740097,-0.0122301020993883,-0.213561708815864,0.145695163955503,-0.434110538081727,-0.660211006540119,0.3161798383488,-0.357264489413088,-0.31371815264881,-0.376092891196189,0.019695283108368,-0.209962226720083,1.43817597695116,0.113829207519686,-0.307217844260661,-0.852695808584078,1.46559195219414,-0.797175635592406,-1.43963314826804,-1.02802396184174,0.13725141285979,-0.171462195366888,0.267251776733638,0.0235600378731626,0.237932674825468,0.469319623108022,-0.100327858983598,-0.287908149393544,-0.618324399989434
AB_Industry_4121,52.952,-116.402,1330,-0.048039666831882,0.00600075745400279,0.00496734555658159,-0.170808392370436,0.0208499041581866,-1.38500331998632,0.135794744415374,0.237048573297366,-0.465341975544286,-0.291527616940723,-0.414279008410211,-0.753834187192903,-0.145010203849439,-0.217314891467098,-0.196043364459378,0.0174871581765429,-0.258444142279474,-0.0919289309772248,1.74668110926274,-0.233057216346506,-0.399560526408801,-0.749487828689872,1.70621067978274,-0.798952892467443,-1.03108279256148,-1.23374123946572,-0.245001231173086,-0.145377191830347,0.000561431063842668,-0.586214776381265,-0.270327334258868,-0.624883761028279,-0.688710929544676,-0.596231850192131,-0.847011593522112
AB_Industry_4144,53.272,-116.665,1060,-0.0491912706070888,0.011900704876607,0.0188614543203452,0.275703871477834,-0.128926744304136,-0.864082034287241,0.0842142374097016,-0.114436951751565,0.00638059951294862,0.421986216388374,-0.2431431358719,-0.660211006540119,0.426105938281511,-0.0471679676508089,-0.35528467674276,-0.450509224002431,0.124894244215617,-0.255886176785685,1.45509508235907,0.424447370701657,-0.111040289143517,-0.949151399183017,1.58684282740261,-0.83568470012792,-1.23535797041476,-0.959880096549348,0.449810041210323,-0.234461545010831,0.414895625954725,0.484851872828035,0.590376936861176,0.892930700757233,-0.936502685465481,0.0947236645113355,-1.45596692927146
AB_Industry_4172,53.04,-117.372,1700,-0.0526420122307868,0.0104561074022423,0.0530833197771992,-1.40412358406349,0.31483468451935,-1.64570433507364,0.691141855665733,1.10920447463953,-0.842574921672102,-1.32002274458118,-0.502249708867264,-1.03470372915125,-1.74845902870277,-0.433045969885857,0.735246698872575,-0.146420951755672,-1.11560085651223,-0.37129557485802,2.58795600919825,-1.37199678309199,-0.841207064730814,0.635895444034846,2.43873558082178,-0.154957123221326,-0.182615012918175,-1.7059993177287,-1.3578566929759,-0.509838104084844,-0.164177506512502,-1.60312051065592,-1.99607261375892,-1.68430747166951,0.189593567876919,-1.41275116046065,NA
AB_Industry_4188,53.127,-117.153,1400,-0.0364122650846143,0.0124348499548131,0.0111149096807551,-0.587994916339927,-0.0979274939748973,-1.45407573833217,0.341618111162855,0.459706031234174,-0.526385323199823,-0.444275815881905,-0.326308307953157,-0.969209217124161,-0.418161437396238,-0.0871467099144341,0.0576955693426394,0.157004457363195,-0.470686182619754,-0.17795855471229,2.02027713237514,-0.362666349930532,-0.448535444066479,-0.436280856102944,1.96840519521567,-0.636150314647605,-0.826807614708191,-1.35156023076885,-0.353526491037584,-0.305998591912697,0.0431573800607846,-1.19886714441298,-1.14364259304902,-0.947977234590829,-1.4649930691541,-1.56647990246983,-1.57407795357171
AB_Industry_4193,50.157,-114.485,1872,-0.0887164718960616,0.03115733612213,-0.0281169494533183,-1.32702527601297,1.48327628007621,-1.11407780927216,0.795811544775878,1.26156429843604,-0.886148424419142,-1.4257617326306,-0.76569736531719,-0.654829559373386,-1.50361263349638,-1.21416728000045,0.495355088049387,1.62410523020248,-1.2629108257844,-0.374608597433688,0.816846180170843,-1.23611340310918,-1.04470409722057,1.30441717567355,0.34342095863572,-0.0206625095524258,0.803276261884801,-1.11485340119889,-1.41887952540698,-0.554716738587129,-0.0919166161005707,-1.28322041406359,-1.11879469413474,-0.852671381027199,-0.471449232468519,-1.21765320687685,NA
AB_Industry_4424,52.938,-117.32,1870,-0.022481457395471,0.026724364928558,0.0181141171322219,-1.80551765465765,0.565328645644207,-1.64570433507364,0.938539718125686,1.52266771794442,-0.943739539374569,-1.79860599135662,-0.68452152090435,-1.056123088879,-2.4147859677596,-0.673576520658279,1.23240202473707,0.407823457180509,-1.50012685404047,-0.481805004436239,2.99239548583896,-1.98809718734444,-1.13325976958762,1.52039809910015,2.71810899249228,0.21278289818118,0.209267228872828,-1.90899873471523,-1.94417037580434,-0.644749144338999,-0.278536490664246,-1.30759720592853,-0.475736222142087,-0.0704938950917487,-1.13083852023086,-1.20943881412849,NA
AB_Industry_4726,53.054,-116.032,1245,-0.0455871232498556,0.00856236967441432,0.00557146994810519,0.00715549440454632,-0.133132501539846,-1.22122808130541,0.0726313354243799,0.0457321769854304,-0.277699898057988,0.0308029914510394,-0.272313230043535,-0.678936071243585,0.0492888501936149,-0.0605152909545488,-0.241504113298067,-0.1795243213487,-0.0663010946704626,-0.164404339083676,1.81589926155001,0.0114413204553957,-0.231513217853127,-0.90077994789405,1.96981960321684,-0.843517879195393,-1.03108279256148,-1.19434954759848,0.0637319768839123,-0.171462195366888,0.175305980495136,0.268789981761442,0.324467652598199,0.930091174981576,-0.208576220904633,0.735993777202913,-0.616240851434135
AB_SRD_1034,52.275,-115.067,1067,-0.0688237316527805,0.00767437962370341,-0.0132936942354461,0.421651229528269,-0.287114907237878,-0.602567951244501,0.147341423391839,-0.14325009235649,0.220195585180902,0.592173053262778,-0.326308307953157,-0.735109836777619,0.685364561122609,-0.000367922212658259,-0.435533163615009,0.0962034683288369,0.127541242916303,-0.351602271663771,1.24499607305198,0.547871628087622,-0.108177523164298,-0.98751165573335,1.38503206801839,-0.880655368135351,-1.43963314826804,-0.835865333501457,0.694898655007574,-0.327973211655746,0.555430155020436,-0.918478527166914,-0.821858603683435,-1.06264737595791,-1.15553262085267,-1.90838225874457,NA
AB_SRD_2206,54.371,-116.771,915,-0.0363475848445199,-0.0165588345167782,0.00999785991768341,0.207557376440068,-0.826053327180992,-1.05660893249668,0.333695848284244,-0.0237426592090758,0.216724317437314,0.603190022850372,0.113545194332113,-0.733876975374675,0.0446541156093741,0.520304803997997,-0.346115780946519,-0.843207207491502,0.0306200741229203,-0.528237974890777,1.42143620164541,0.664060336531247,0.183205480080204,-0.897069232045317,1.68371288631909,-0.769242901315476,-0.622532436854907,-0.891999997404063,0.634451710893734,-0.524871118225179,0.758303305994411,0.0214330692975514,0.864284606490218,-0.157814925231892,-0.717656330216159,-0.924663716241869,NA
AB_SRD_2239,53.585,-117.018,1097,-0.0339287086853446,-0.0344277743905104,0.0348751782095397,0.225072141801782,-0.133132501539846,-1.08481567653147,0.068824746676145,-0.00559149841617941,-0.234194187222723,0.122761814736053,-0.238337607496103,-0.585312890590802,0.0117662973589348,-0.0437573160635462,-0.365416581168913,-0.454809201348483,-0.0178405680432757,-0.432703110182126,1.38763284040411,0.127371657357216,-0.110078808820463,-0.906263215373169,1.54011265198816,-0.816654910415607,-0.826807614708191,-1.00251682490753,0.150878463842139,-0.234992663415425,0.473020778437073,-0.623473450727343,-0.891152484050099,-0.419118934347696,-0.755670710888638,-1.00962128021824,NA
AB_SRD_2340,50.899,-114.7,1371,-0.0434740040749302,0.00449772393041173,0.0292539944006865,0.122381857797586,1.1962227756063,-0.728145920245572,-0.0425274265642277,0.125864363099987,-0.489759686757945,-0.340013806960804,-1.33472024876062,-0.602652950508458,0.626361748306652,-1.31773880124766,-0.35213112483855,0.449682175200039,-0.127668252936945,-0.068972133949265,0.988218236787969,-0.32094421545921,-0.915486143722954,-0.703377754918603,0.739936421195111,-0.932080499533515,-1.93714790609702,-0.948729679714205,-0.348794291641921,-0.0391082352442659,-0.0580920036134032,-0.105387111030326,0.531116654289717,0.161885912432037,-0.727593788067965,-0.698205582263917,NA
AB_SRD_2379,51.7,-115.212,1828,-0.0780427662931967,0.0126133856380996,-0.00959816339138767,-0.57722441135668,0.482797121252284,-1.44265565387156,0.373957326026046,0.551714551685255,-0.623542951096253,-0.634059828884066,-0.294717999350918,-0.798007911261431,-0.24973847834258,-0.416085070659904,0.0189959714967086,1.39397761927994,-0.53725086321493,-0.360079566111092,1.40703643006141,-0.615057535804376,-0.665421506881479,-0.191890933914567,1.29369309131571,-0.606074649337725,-0.957726727125781,-1.18980659156203,-0.597733113718333,-0.390177251913512,0.116159100261888,-0.881914376584971,-1.26935830674335,-0.651798013858774,-1.15752140529155,-1.81768510951104,NA
AB_SRD_241,53.759,-116.894,1219,-0.0262684049379496,-0.00625793368734992,0.0232451321828099,-0.065064015420929,-0.399790433001611,-1.26430320199981,0.0691541909756727,0.113691715676875,-0.359874658509642,-0.105327470608038,0.113545194332113,-0.618996578411567,-0.42753027553919,0.294632750410306,-0.219183698393982,-0.270973158694847,-0.114761679067154,-0.139142429378884,1.69389743548785,-0.112914449407232,-0.108177523164298,-0.80004611661953,1.88069001459268,-0.778163979419615,-0.622532436854907,-1.18502517667097,-0.0909087361484409,-0.119291939526403,0.0930394782282561,0.0460630754282531,-0.158722408464493,0.252116275492248,-1.08896656454124,-0.414427803709592,-0.963142367919869
AB_SRD_2446,49.393,-114.332,1370,-0.0726512146113155,0.016329063353797,-0.145842225335798,-0.500860896287263,0.328814715554252,-0.0405583226262198,-0.363700453201006,-0.331430067559949,-0.0887653486632208,0.238620428354948,-0.143804273455453,0.0525700278654441,0.702577751725184,-0.257586268497601,0.353916934611932,0.568705518110989,0.324606194547571,0.240134043039928,0.219914715711111,0.43172359454304,-0.105559851302113,0.582579954985192,-0.196140488230595,0.279906234743075,-0.622532436854907,-0.270897256563719,0.271771775605038,0.29807048034858,-0.0886543192075381,-1.41310297244879,-0.944342565238333,-1.14531704177253,0.192699829154122,-1.20290514187731,NA
AB_SRD_2644,50.965,-114.903,1737,-0.0729025287007227,0.0200222684953131,0.000916117250190657,-0.950156988238058,1.62150824240576,-1.12751987463737,0.536007698384832,0.888144329435105,-0.775882365380367,-1.10963838498331,-1.2060153125237,-0.708155457923909,-1.04811684757266,-1.51417386093193,0.236370949384822,1.40852907893006,-0.884140996136694,-0.367163752125536,1.04064288734213,-1.14807401634655,-1.07558706750463,0.54322358891926,0.585141525757023,-0.246296781802539,-0.485331027364513,-1.18373795034764,-1.13253505655437,-0.429089697798758,-0.0738187617092554,-0.551966302885617,-1.03220008002346,0.0494502826959953,-0.575024502315518,-1.2569284819222,NA
AB_SRD_3087,57.687,-115.719,639,0.00902638397163008,-0.101187755542586,0.0593775624882342,-0.12801935422623,-0.441531986169769,-0.101893048593093,2.80573032847412,1.92867948081741,-0.0958576499614232,-0.0266924498699816,-0.765665149484503,-0.941062691293908,-0.578468021422661,-0.130046172255165,-0.913873881374855,-1.07147384707311,-1.90752930098443,-2.83030148226379,-0.270443482751294,0.608281873568296,-0.435777767294404,-0.824033776505109,0.0754334600119867,-0.880655368135351,-0.622532436854907,0.212600823973559,0.443139190752701,-2.72780721922468,3.0252755336193,-0.957649731662733,-0.797145396127101,-0.809226315289791,-0.86757250628318,-1.43038109087799,NA
AB_SRD_3283,49.043,-113.536,1400,-0.0853550796195347,0.0145145794479164,-0.0200710623073608,-0.103980816491289,-0.168063782446716,-0.167757231504257,-0.627014758632845,-0.652784917029665,0.237095786925693,0.56908727722623,0.0255744938750589,0.218345600694128,1.00356389117062,0.104334082890764,0.125361100616638,1.35565917590496,0.654151524754536,0.508947913054736,0.558499024004707,0.720082848888454,0.12396495372477,-0.0512844269076609,0.0898810692214051,-0.153253590517907,-0.715212293261998,-0.415192309544167,0.598223205202433,0.543611991675254,-0.221083817603617,-1.27819084867137,-1.08539644993165,-1.31462209774205,-0.74675590300478,-1.40116154888816,NA
AB_SRD_334,56.466,-117.394,634,-0.0226641905280286,-0.363895355326931,-0.0414644845744775,1.06518088453162,-0.640089544603706,0.697089349775666,1.61234796640566,0.889436069296946,0.378396560732868,0.623657914214955,-0.85413251069548,-0.690804683683517,0.325171074388765,-0.0452757727102291,-1.04884744315308,-0.923228224457245,-0.890130827220951,-1.96666115430842,-0.483489822219234,0.90619801053098,-0.234369870373644,-1.02976482226241,-0.125827568983619,-0.910365359287318,-1.4295722778256,0.557065867351662,0.848152970239151,-1.73528672831872,2.27507071985333,0.723787415708353,0.533143001184896,0.190912874913393,0.115775797427828,0.159399027117878,NA
AB_SRD_4032,49.619,-110.327,1458,-0.109580813248495,0.0304334858258398,-0.132153960167392,1.80106594940265,-0.382752417026891,1.32836144167821,-0.139635760876705,-0.400644968390551,0.980264217432908,0.925261000624457,-0.502249708867264,-0.263123920141077,1.45682387516876,-0.0332489472402843,-0.92940278618241,2.04431090745751,0.42832024830863,0.172623215922783,-0.4583113676526,1.34121605579003,-0.0642267570213035,-0.934719778313613,-0.478645293598954,-0.815411686279478,-1.23535797041476,0.688853652415885,1.25141199092911,0.068695367448579,0.347354438657977,-0.023384187518792,-0.906093589243696,0.483272910409663,-0.507972849523506,1.00910247182759,NA
AB_SRD_4348,55.658,-119.274,895,0.00764404214722339,-0.026644376534517,0.0531628879143955,0.294814502295658,-1.28800054427509,-0.6859545706816,0.795110351932902,0.4209485440738,0.114728268146257,0.394632489473085,0.0255744938750589,-0.772899253071225,-0.517493976575654,0.737251773252436,-0.560402389712048,-0.694326497439397,-0.408478766908891,-0.80156751538824,0.391926770243446,0.547871628087622,0.146782604674641,-0.684384130960194,0.725250698563363,-0.687540425647568,0.194568274558228,-0.364542793365659,0.574005343244675,-0.8496762675954,0.996110550258861,0.331421581334206,0.841682768976407,0.599280075300302,0.224194614896727,-0.142650243771364,NA
AB_SRD_4460,53.766,-117.7,1270,-0.037903300372214,0.005926597932153,0.00968180411328466,0.179336582133003,0.0208499041581866,-1.13093404002827,-0.129616265105755,-0.0262150215252892,-0.417686524649591,-0.149359537838736,-0.238337607496103,-0.398066529285235,-0.260968000532483,-0.133466423851748,-0.331409920371343,-0.427172388151048,0.0273470850704087,0.0651807411249613,1.16238406762827,-0.238842218184966,-0.163122511128473,-0.76108943163698,1.2333759404201,-0.732646471860989,-0.622532436854907,-1.00246074489787,-0.21180204791134,0.0675779042760093,-0.155532728425044,0.503612840395436,-0.141038686532096,0.858119686626243,-0.937866184198467,0.0374203001433419,-0.797978838206424
AB_SRD_4462,53.767,-117.204,1130,-0.043650912742709,0.0180020298331533,0.0251101790893919,0.225735610253914,-0.194655211226127,-1.12564707557633,0.00360561583215902,-0.0574264461747804,-0.204518529296909,0.167775014822588,-0.150366907039049,-0.546853471982039,0.00157021250351987,0.0139771399908206,-0.35020153591946,-0.485173287188762,0.0421917680499624,-0.201778277503537,1.38207505930266,0.124130841809565,-0.0684100300800448,-0.895375379354465,1.55064387819534,-0.799634940222694,-0.826807614708191,-1.00481016462443,0.147617402570209,-0.143969914633725,0.252381823566572,-0.421643528672381,-1.14875477508759,-0.358441752042832,-0.855741821899197,-0.0465398116511675,NA
AB_SRD_4619,52.079,-115.983,1738,-0.0869774484815928,0.0391642212700849,-0.0256286512602503,-1.23926152885443,1.0217355411954,-1.64570433507364,0.876353537169246,1.37822368660389,-0.927809295049958,-1.60967708361604,-1.2060153125237,-1.00849363858368,-1.61556213417173,-1.17188155618663,0.304206134474011,0.719235503691948,-1.35536297458683,-0.554624637299295,1.66772830916251,-1.71082785829007,-1.22890455308802,0.509583848914751,1.33578849957663,-0.284501656212579,-0.21398208114834,-1.54662979181374,-1.69880448244694,-0.661077241577375,-0.115036238134202,-0.400245422888999,-0.686789354638311,-0.443312412338061,-1.10234372711607,-1.03411933852569,NA
AB_SRD_4620,52.05,-115.936,1879,-0.0646058173472228,0.0166786267697555,-0.0176256084282561,-1.39277262770281,1.01004048161956,-1.64570433507364,0.857522067389741,1.34882387254405,-0.931174725940185,-1.57853219874236,-1.19138529750475,-1.01435865884994,-1.58068155394578,-1.1652906532358,0.565091958469641,0.966234219865047,-1.32277938533211,-0.538412079011434,2.1063439648885,-1.66044712629582,-1.22569665457666,0.732412188577778,1.73892237347417,-0.154431930582936,-0.21398208114834,-1.65851285667108,-1.65816198591965,-0.663117880581068,-0.111524352157437,-1.42204101507854,-2.09679549137052,-0.984913178501161,-0.808253106524566,-0.421355339793129,NA
AB_SRD_4707,49.648,-110.304,1398,-0.088188055888611,0.032842622162881,-0.075295204562569,2.00421825226717,-0.449330258943691,1.46845660967905,-0.162680733350651,-0.43925760607333,1.06178831634558,0.979000176872928,-0.502249708867264,-0.253036028140045,1.50189681391359,0.00427186160245134,-0.983369441565872,1.4234123454913,0.441548887166555,0.185341521465541,-0.549925453791771,1.35761319607726,-0.0542840500967808,-0.979743685019918,-0.554194567257267,-0.838316273383661,-1.23535797041476,0.819319279964322,1.26791271884987,0.091627741691715,0.349826958079339,-1.13932158901326,-1.31426137965858,-1.51774011799305,0.389927001165222,-0.998015417582581,NA
AB_SRD_4709,58.653,-117.475,782,0.0200461126845135,-0.0610921144412843,0.0813549872443573,-0.571609149786863,-0.142328777417258,-0.395342475339072,3.36844710341689,2.49343436569819,-0.406309402375766,-0.474086966105979,-1.29398601298075,-1.54398477465913,-1.35418239776309,-0.590681764313715,-0.916284862994549,-0.9114858631362,-2.47597758675123,-2.9455147915441,-0.319378456641298,0.134547053279846,-0.790176635527001,-0.727540966175746,-0.0223103157878297,-0.881542551556439,-0.622532436854907,0.0782143482923997,-0.0670338707359896,-3.04082925180239,2.9372314409371,-1.18619644993832,-1.68615664646399,-0.917562630404247,-1.16913701328015,-0.774256919663126,NA
AB_SRD_4711,51.031,-114.775,1403,-0.0417742458061806,0.0286661447108874,-0.0427797614521308,0.387746855777035,0.874592777571751,-0.285133557974491,-0.118409077686749,0.00731664041828349,-0.425824370343789,-0.19150807790936,-1.03709964778806,-0.463915328250833,0.625915415996324,-1.00217821900792,-0.467945525007194,0.699917134798214,-0.0182752257958721,-0.0333067119962939,0.430788402018231,-0.218540860475565,-0.694179216613313,-0.664585871194743,0.222496448677437,-0.809967091038158,-1.64390832612133,-0.615412914526808,-0.217171240891144,0.0151200733180955,-0.0512644633599802,-0.43550618552226,-0.717546575858658,-0.0851594380392878,-0.769426832413624,-0.508620008688137,NA
AB_SRD_4731,51.482,-115.18,1744,-0.0389237290061318,0.00673876580387977,0.0375758835018755,-0.481659731758196,0.892299250492595,-1.29845855116948,0.376060111350399,0.619152896822613,-0.691936088616971,-0.800552381469982,-0.706237676788051,-0.753834187192903,-0.176494849372883,-0.879013409772068,-0.109496479698174,0.894160053490314,-0.613757964398967,-0.304388998392757,1.07475953173762,-0.851610145145448,-0.847450851256445,-0.207504762951692,1.02233275531414,-0.597645783496972,-0.826807614708191,-1.12045736250277,-0.831395042606235,-0.380143467496231,-0.0225581909697888,-1.37917775313189,-0.737230029265318,-0.904079504374662,-1.36583089145004,-1.63521078990163,NA
AB_SRD_4732,51.467,-114.734,1388,-0.066231089816639,0.0155240444032362,-0.0103624576324255,0.717555486597157,0.556128845389223,-0.310388212486593,-0.173788505796445,-0.102950851167466,-0.317144229656515,-0.0256123773181056,-0.85413251069548,-0.509524057277944,0.606198127237103,-0.7028287421627,-0.60050520319257,0.713831254928988,0.0813838708984346,0.0261043647656333,0.656195812961371,-0.0642380529714543,-0.515738472496125,-0.976421798725533,0.635084924057415,-0.961737591750659,-1.64390832612133,-0.7031693374334,-0.0275886915609754,0.0586461594523354,-0.0456773720333077,-0.871813683744663,-0.581927710695638,-0.422144541782256,-1.4385372099883,-1.93732473741362,-0.0864183109047306
AB_SRD_4737,56.879,-116.103,749,-0.0154552062255822,-0.0613923271037482,-0.019109867559379,0.108068511457412,-0.335643236816845,0.0784421355703508,2.25896066708009,1.55159528302251,-0.0629678105331151,0.0789023754668884,-1.01750436755625,-0.90520113880479,-0.165028497793826,-0.304093679168874,-0.882085890668312,-0.999224018216017,-1.54495806931079,-2.47620159503522,-0.156224365313167,0.585735376008932,-0.485871447894456,-0.866519743827595,0.207306429886509,-0.872605379935974,-1.23535797041476,0.0934125061634698,0.43076537420648,-2.33652992726994,2.6507604989263,-0.0402529988071299,0.0897179965776104,0.00760823838418332,-1.53773211852466,-0.509093113326123,NA
AB_SRD_4738,54.596,-117.159,813,-0.0127373678389028,-0.152725636837715,0.0290835433760305,0.20464192367987,-0.903044530030008,-0.790589628296151,0.614875500325063,0.107940067014009,0.384865659233804,0.768889910075686,0.0255744938750589,-0.916122605114765,0.180527110925791,0.520304803997997,-0.392498241104843,-0.835286631203409,-0.106695149831603,-0.842379198761243,1.11198178144486,0.838229681345136,0.183205480080204,-0.818865811864923,1.37895862955792,-0.723441547196028,-0.826807614708191,-0.704892847221681,0.805730350464965,-0.818106937900695,1.14782940429051,0.287590242243302,0.36151143856958,0.244994137665099,-1.07089482049896,-0.713330246531096,NA
AB_SRD_4740,55.92,-116.566,723,0.00294964949994072,-0.00754049318608067,0.0610720338793495,0.406713835318718,-0.67207092148296,-0.0324918512047817,1.36039129286027,0.718256396023299,0.301574545030235,0.565881263781065,-0.590220409324318,-0.884906782964436,0.206604014051096,0.0981093044333355,-0.725621097007749,-0.848389250721215,-0.718424955023124,-1.67357527403604,0.246603318506485,0.820788742944453,-0.161237898541494,-0.885568436760447,0.601358215407867,-0.821235385831418,-1.23535797041476,-0.162017917816775,0.771642834974114,-1.51372054857067,1.9465012431326,0.678874956682317,0.561755005638147,0.59781585722219,0.823781624826455,0.31397595169206,NA
AB_SRD_4743,56.923,-115.781,777,-0.0412341134186103,-0.447172032388612,-0.10103570729459,-0.0198566247465204,-0.287114907237878,-0.0673239837846351,2.33866556424689,1.64810075141044,-0.0962063659230313,0.00375503640378408,-0.942103211152534,-0.866182432549152,-0.291472205507822,-0.304093679168874,-0.858971897720803,-0.92710481017914,-1.61703944874756,-2.56607825123651,-0.0921835529389469,0.547871628087622,-0.508243372128091,-0.844030304861783,0.274928263072728,-0.87322787034736,-1.03108279256148,0.0195071327604088,0.381246472965535,-2.41478518664696,2.70591880449106,1.2306266648023,0.974524562227548,0.643253584084525,-0.194757640914327,0.842558465339706,NA
AB_SRD_910,53.672,-117.46,1219,-0.0386219461534333,0.0194664784718977,0.00940076564450926,0.0318270999727152,0.0978411070072028,-1.21746760025778,0.0206767002615393,0.13501898236663,-0.465341975544286,-0.259621057098472,-0.2387752058901,-0.602003662550592,-0.304082542405466,-0.174141332308522,-0.291854240444811,-0.533524760806408,-0.162981018012644,-0.069338871770396,1.34715070341464,-0.295715466106652,-0.290291900192112,-0.7503419555826,1.43156766123557,-0.768923071012166,-0.826807614708191,-1.1021268034144,-0.27224899202518,-0.0669918271017508,-0.0456773720333077,-0.598003527028904,-0.491789874669472,-0.265600556216359,0.100886708942007,-0.66292737268862,-0.525551179690294
BC_TSC_10155,51.5,-117,1400,-0.0503437288634385,0.0235402287155028,-0.00744265790651985,-1.02806442045326,0.512636851360393,-0.221567061235952,0.117825223605741,0.311589834142004,-0.506262340236727,-0.453656722328751,-0.582322161010578,-0.325586278833581,-0.0202859934311688,-0.577350992750183,0.684454578891517,1.65074286919468,-0.317851239024447,-0.0760157964475614,0.0494472959656238,-0.365696343466244,-0.477736657438657,1.43517586937429,-0.0203057385550885,0.885747450151323,-0.0946199952609852,-0.39220734728151,-0.370396156418837,-0.112999865611932,-0.0756818604350006,0.263526029211799,-0.215222041215641,0.206032811249793,0.0597988832188604,0.986380695813577,0.796068649215573
BC_TSC_14331,52.167,-124.183,1370,0.0290281772255539,0.0176794689341987,0.0714352672472006,1.52285552068155,1.70259007282314,1.36023213187443,-0.139325089085417,0.235801809529024,-0.688860307219228,-0.82195342797237,-1.58504263804336,-0.702129008528405,0.490266000872464,-1.73949733487083,-1.01546146976753,0.0417766251822804,-0.244953460948692,0.164044387554448,-1.28160098301006,-0.902964783173106,-1.37156155611844,-0.660912375076433,-0.947563174208264,-0.700143688953473,-1.88019812726152,0.858042526631727,-0.885894599563898,0.0893893326029389,-0.506338564043861,-0.057398539580917,0.672055599656585,-0.127057451397992,0.984791632484466,0.308021062837986,NA
BC_TSC_19917,49.1,-115.933,1300,-0.057315881214667,0.0287748886870118,-0.041362742361995,-0.652450408762699,0.137631329793094,0.484364614320616,-0.78712812542314,-0.706383192218716,0.139339246657358,0.425329964909229,0.15651440350464,0.72438377785359,0.846891313348045,0.0147699683467843,0.702323813433888,0.745055636516226,0.708014539912731,0.720931716590217,-0.334003298394005,0.546565448231048,0.206445515449452,0.934169292845156,-0.69003244674557,0.80725891769435,0.183072029369059,0.261910122972154,0.481322488519857,0.749926615119769,-0.492903968593316,0.58239399683131,0.579342480079612,0.0531641655324153,0.0742085139639886,0.640175133174684,1.02629457581945
BC_TSC_2100,55.067,-128.25,152,0.11090546874164,0.00813382539552548,-0.0841187544286934,0.133382204822659,-1.44782754277973,1.15754227392487,-1.13453692213154,-1.51677038185706,1.43514673846529,1.56108926700393,1.79166791899322,1.23045766942218,0.725313373083933,1.69511223427336,0.265534440216105,-1.73426565899983,1.52787426545298,0.830315492942128,-0.891173576436929,1.44727671437209,1.67553298371561,-0.322975477734789,-1.14220555399018,-0.15576508574163,1.21594416382465,1.35006096660215,1.42431741411522,0.999665578830853,-0.274914803129443,1.56621332802348,1.82878125983489,1.07488355899123,-0.0399129425309995,1.35668846308065,NA
BC_TSC_2175,50.917,-120.083,1402,0.00399843618433223,0.0211659054431317,-0.00514728691275359,0.146384983822595,-0.538440621469686,0.133249009970608,-0.511121489209175,-0.332438061184858,-0.312526735463985,-0.100953922837934,0.553398696617382,0.547513166686591,-0.15626456828296,0.556178383655231,-0.195256483277079,1.17741955977276,0.31643412042712,0.53244187180229,-0.542136936905324,-0.236171996995714,0.325177219967082,0.102356794791918,-0.627747113575882,0.122150220972061,1.01166898597136,0.172116997680983,-0.033596031054484,0.518462229188863,-0.593954033776607,1.47202761812234,1.49978003346715,1.47321323090029,-0.586599350372976,0.94953562631442,NA
BC_TSC_2237,55.583,-123.583,732,0.0682292322396722,0.000710500292217566,0.075197164463568,-1.53771810162034,1.13296372256963,-1.08873474795539,0.785090591760428,1.24383445781313,-0.900434035958277,-1.47966022244996,-0.708193446297419,-0.596012927564211,-1.672037662737,-0.989027199343045,0.89624124939873,-0.619349395939458,-1.24052095446355,-0.516848840677643,0.302249739620755,-1.55559926716831,-0.765117846194058,1.96035782709966,0.15094871746711,0.719867497340071,1.12095383720907,-0.952710647518295,-1.51026764023137,-0.621450584479206,-0.092290117785945,0.0388041760135938,0.548797451547393,-0.0425996725101704,0.202590484643119,0.0953572451248122,-0.159991078526214
BC_TSC_25378,50.467,-118.95,1082,-0.0196400934341623,0.0465455561070802,-0.0194484120608869,0.00959823424441919,-1.13004968943118,0.364505919788583,-0.96564991955374,-1.14655231386544,0.988041377970392,1.08651617695723,1.57743263162528,1.03908986530375,0.629767619906613,1.37856483728242,0.249708641231966,0.720188885540671,1.15821460002614,0.890305605723668,-0.192953638747658,1.19546643480288,1.03055753301814,0.133891540996205,-0.471406027083704,0.451990804770841,0.846477768919812,0.360655138618229,1.13424264165811,0.887917768969466,-0.392916200411283,1.62674509644318,0.832194492566628,1.08803035740163,-0.46522673098379,1.26732782786891,1.17621845664874
BC_TSC_27132,51.217,-119.75,1650,-0.0155543413739283,0.030012104732543,-0.00778622079553074,-0.555523213513652,-0.205053299855532,-0.153328736225373,-0.387856969683953,-0.114416447944234,-0.458234888769777,-0.375140612872708,0.817310797988544,0.520730931284857,-0.542399981951786,0.482763139962599,0.294429163687534,0.625009097180229,0.0856117898619533,0.501643324138582,-0.370537995037485,-0.348489715399482,0.186061576831748,0.828638882905417,-0.504562548047613,0.637135489965831,1.42021934167793,-0.0386342925046724,-0.268082881045467,0.432259721984033,-0.625188387822348,1.48754222659628,0.521654023138799,1.04350249365859,-0.222062761275123,0.984609435441054,NA
BC_TSC_28832,54.817,-128.287,200,0.186587852541569,-0.000804747475786784,-0.131467778282073,-0.488962895822674,-1.62916499239774,1.08075023797495,-1.32251582999047,-1.70628575018958,1.65345238509025,1.69779546167939,2.26751187569522,1.62262616739673,0.61982409786131,2.03530015076861,0.981902809119084,-2.05641488707212,1.71582942836516,1.0680650485665,-0.895389104395161,1.49507029363287,2.05575232265846,0.0942201763398175,-1.10345063203273,0.52561943530144,1.8287696973845,1.38653245830557,1.50616907205053,1.22370363587504,-0.481909701745913,0.444092134363914,0.905064613226767,-0.145204201367257,1.10615321984748,1.31336444008925,NA
BC_TSC_29146,56.917,-125.05,680,0.0508561818811203,0.00113804809059749,0.0493959516342005,0.743417393320887,0.482797121252284,0.55644369910195,1.07582968091957,0.891061161381199,-0.445057659900942,-0.318878589154498,-0.708162572791094,-0.810008667015119,-0.505106391795781,-0.616915941508608,-0.932648531541454,-1.45129892352131,-0.890130827220951,-1.31947538680747,-0.988148325771727,-0.112914449407232,-0.407196236326968,-0.557091435916061,-0.785164349041708,-0.533120133138837,-0.21398208114834,0.784181589507503,-0.151355103797499,-1.18878330370966,1.24416946770109,0.227201922216502,0.114196432437735,-0.0375667311986354,-0.547083690309202,0.201586999340946,-1.74829149310467
BC_TSC_30010,52.475,-123.792,1400,0.0415872686157738,0.00401660082798711,0.0842265493928071,0.946288741015099,1.71168414175097,0.95883584399003,0.0448966731103665,0.492066330507331,-0.795534300167173,-1.1109948459204,-1.61946659759568,-0.806852227536781,0.118446344125624,-1.7683787973946,-0.883813569224455,0.0277161196495365,-0.498380074351032,0.0589900986415607,-1.05967508086204,-1.26494044881224,-1.44797589950432,-0.482937867220744,-0.749397619702947,-0.607500002211423,-1.76788823543382,0.33376002144503,-1.18968519857979,-0.0149514278454336,-0.544381496628183,-0.315681624844751,-1.47570053093344,0.0564538308788392,-1.09337587564035,0.201457582257277,NA
BC_TSC_30016,53.383,-132.033,50,0.210149453472962,0.00173063477094215,-0.255810881431961,-1.96532527290113,-2.53185089715122,-1.31085446934615,-2.17685218421915,-2.25024051465296,-0.0129993378296171,0.752357109823591,3.83539739020717,3.88878649799334,-0.650662065599518,3.31734167136442,5.31718327407094,-1.70229133373788,2.20098050091647,2.68860742426712,1.61803354194492,-0.0181293311484689,3.98806989519227,-0.33250038199009,0.0920174295070642,4.28682266887873,3.53848024776655,-1.13557068747788,-0.164284632393594,2.72805239176957,-2.64361133923979,1.09528778029574,2.41525834361174,1.099891150681,3.70428522942651,1.47561159543482,NA
BC_TSC_30466,51.317,-120.322,1350,-0.00521294510576526,0.0274785175783209,0.0259985790691192,0.351978022090582,0.859516665112013,0.41097375367695,-0.440161672465232,-0.111413632289978,-0.568883811179726,-0.514562025006959,-0.323313577839636,0.184401911974944,0.203572432254972,-0.64508998265588,-0.402457812971354,0.956337065303184,0.0875603552520482,0.428279550505928,-0.520582838087667,-0.64319482688142,-0.428370478424084,-0.162129145005303,-0.438399605589815,-0.176089950179641,-0.220918946509553,-0.0148057538255816,-0.505511430819137,0.429384095193445,-0.667488886843847,1.50291540683063,0.987409098608059,1.86250300617493,-1.02084003196098,1.2116933994758,NA
BC_TSC_30588,49.817,-119.983,1280,-0.0257090794839647,0.0226681301709252,-0.0230510466478719,0.020209720605705,-0.143886552304004,0.897561837390257,-0.796922483295978,-0.597949799269366,-0.220035333483016,0.00852204737344532,0.766444682828638,0.947632406420221,0.146038624111597,0.449567300836217,-0.00228084921524868,1.26271795815309,0.595273076746141,0.839018480861325,-1.1855297814977,0.0463833502764723,0.477268401311853,0.456915597793071,-1.10824346748709,0.577049326753728,1.17182002720216,1.17487509576052,0.069384214071692,0.818049453804376,-0.815144201287861,-0.212457838144608,-0.225058932216005,-0.492319431844349,-0.758874738702442,0.38210243690209,1.02943141163105
BC_TSC_30659,51.683,-119.583,1000,-0.0108025611593535,0.0155494733806274,0.0113303421358217,-0.11597703434003,-1.02808474710822,0.303531056281001,-0.8776344858696,-1.19090932466654,1.52412774651027,1.53771975671146,0.926756035584147,0.914760864262925,1.16037144518352,1.03525890396678,0.376862389887772,-0.603584063494548,1.1991165646717,0.633326741164935,0.232356376827364,1.53184613122627,0.976123296740026,0.107905678526035,0.215297383129593,0.404984590284814,0.553251436159484,0.0921682903560192,1.49630172437656,0.725601143421961,-0.0304749274013398,1.31335987791981,1.5692668743669,0.900637492786109,0.151690460969274,1.32018114448217,NA
BC_TSC_30759,55.417,-120.75,1050,0.0505409176834138,-0.00635282177885224,0.103035895198246,-0.129667335029033,0.0208499041581866,-0.597689172366748,0.337952977230228,0.33642391329847,-0.38016707096144,-0.160983000876289,0.0255744938750589,-0.421104466034459,-0.530773397901396,0.0163288112395747,-0.264712085530044,-0.612241070958702,-0.357064543281107,-0.200878205183782,0.354594889583064,-0.136030395553191,-0.0717546477587356,-0.242839268392484,0.607969014728516,-0.440359428399563,0.194568274558228,-0.546287649065435,-0.0660930802117207,-0.344020450496564,0.144605200285643,-0.0780023616841495,1.08016044989933,-0.203152537317149,0.838723491919345,-0.796306093201775,NA
BC_TSC_30881,50.2,-118.467,1400,-0.0346209754028934,0.0251338441375788,-0.0507585641337846,-0.617864359595265,0.269653338841092,-0.422238334260193,-0.570634835154438,-0.329249388438345,-0.341668054322582,-0.109083735680588,0.72934009753149,0.625993437870998,0.0159472469597624,0.20484055288626,0.470873819288663,1.52646916986643,0.308273022512542,0.693987630704031,0.312970339979207,-0.0921742610968946,0.100505945380214,0.612876815550362,0.159254142183041,0.440398939631745,0.80739380811808,-0.50305019924789,-0.167708256734056,0.620098390435949,-0.707261304209795,-1.1643947861114,-1.26308584939961,-0.942020891836306,-0.574259961069198,-0.402000118678964,1.05450100092785
BC_TSC_30896,50.567,-120.333,1100,0.00792183738362487,0.0239847473518275,-0.0168112119108201,3.07589719508238,-0.903044530030008,1.74983906430619,-0.850702810985495,-0.991338492371103,0.589331194802156,0.83846770179477,0.553398696617382,0.538165277242598,0.821153092810727,0.780641167103324,-1.13603968209812,0.962079126532226,0.999831415439722,0.710697390021952,-1.48089716874384,0.848228831878756,0.664968256516942,-0.970179735543327,-1.31193617925968,-0.620628911494208,-0.00970690329505564,2.25411777243297,0.936685278533372,0.741518152527507,-0.369151880073027,1.03987828660677,0.608025226273482,1.16215643696412,-0.452754978425076,0.541422775173792,0.737467559783262
BC_TSC_30921,53.017,-121.117,1030,0.028873806469676,0.0225995050375668,0.0249019046748019,-0.299635859032178,-0.0550898593819022,-0.353301662298912,-0.695186857903216,-0.670304428274144,-0.054971583550756,0.450280673870631,0.376257255935687,0.501548007856427,0.388891429267688,0.205783340008508,0.304706613228824,-0.649365159592487,0.650040415729315,0.451024049335406,0.682329726695804,0.173523918508754,0.329519998721035,0.012584224835358,0.634118197835289,0.115604126539434,0.0474018421247656,-0.645002248435086,0.318212354909956,0.584651025701799,-0.375418947313333,-0.175331372959086,0.202088590651064,-0.28308795230099,0.18699763863149,-0.302128052973268,0.670463088342676
BC_TSC_31146,53.25,-125.2,1240,0.0744182479418983,0.0153798537255521,0.0547926637157405,-0.436137644567218,1.85361200136084,-0.174929391269438,0.084871010796561,0.784495599138373,-0.929652752259174,-1.65669272214466,-1.27681631648499,-0.439170242745505,-0.854904227650482,-1.68251995541358,-0.216424368381387,-0.21866102158597,-0.772544380127478,0.144989554870161,-0.481182489973591,-1.94672852347465,-1.40928993284126,0.320753451130504,-0.423616353983886,-0.157989844371669,-0.425629723973814,-0.579713473464792,-1.87573190041726,0.037219076762454,-0.909013950127648,-1.53062525134711,-1.55940441915729,-1.98227924755668,0.475159910999818,-0.45932654411855,NA
BC_TSC_31258,50.839,-116.503,1440,-0.086081250724376,0.0227397090696742,-0.0359559721903752,-0.639653585604021,0.340682469631106,0.162978191926203,-0.041786573492577,0.0983502379014409,-0.384767416013083,-0.220671414160768,-0.398950983683051,-0.15416782936338,0.268867785379245,-0.41135425227365,0.302456467890505,1.45608031235027,-0.105079741174526,0.0106052454926057,-0.21015444488285,-0.130803957469186,-0.33177227325073,0.847377546639614,-0.193086404085447,0.498315991513215,0.0227628008018935,-0.106570709286773,-0.159445210548473,0.00269886813786875,-0.0605032281891132,0.793952988663538,0.150958616874681,1.08299888255783,-0.626500696042015,0.51054473526728,-0.306112948059454
BC_TSC_31838,49.633,-118.633,1670,-0.0198725123525554,0.00596261417974738,0.0155143195858903,-1.37404384202134,0.779295957614682,-0.856676424143663,-0.174824166567914,0.438809344498367,-0.813555105231048,-1.24188081541409,-0.0449446215502238,0.52222950789168,-1.29437718047829,-0.462005887658205,1.14183769298641,1.21279753330408,-0.422720625107963,0.530356261504587,0.419641983421243,-1.15544419347586,-0.48304591843642,2.06801351407146,-0.0696335149404066,1.13918451853423,1.59407267907943,-0.900458336148563,-1.30849747247957,0.39090661911168,-0.963572536339268,0.16922073821666,-0.304784170195555,0.309493288801396,-0.226126714019383,0.459920095553917,NA
BC_TSC_32008,51,-122.05,1550,-0.0124287094780245,0.0152906077126383,-0.00917443855425413,-0.00616933071213435,1.00422643341858,0.37830005356229,-0.379773421875396,0.160759197524489,-0.768568960862492,-1.02427638314851,-0.128387655188405,0.481571510257272,-0.429282481789012,-0.6423145868578,-0.28005972862979,2.03104013240103,-0.153288392761665,0.54545082100808,-0.995190662445632,-1.18379918119567,-0.528212151323066,0.314392223961247,-1.04232208764705,0.138888724631214,0.605775865816553,0.278528816003067,-1.15123960933681,0.480327305820506,-1.00588185476302,-1.08743082902739,-1.45660626880151,-1.27257637042822,-1.53306507892387,-0.710362486483772,NA
BC_TSC_32013,51.15,-122.183,1350,-0.0012757379699919,0.0354196445397172,0.0323149048338335,-0.207112076505965,1.02831555412199,0.359527080144509,-0.404537533061646,0.184974193982192,-0.785819990779793,-1.12248860842835,-0.245137832845765,0.463267161293281,-0.487262208205321,-0.701305982063563,-0.138302581374036,1.73514493849834,-0.171109418387619,0.663291292353271,-1.07819599613998,-1.32876337561117,-0.590120924517217,0.538454189784704,-1.12721309084085,0.301105475789887,0.604786220904315,0.325478714934402,-1.25390625762157,0.558709063421764,-1.1568250423666,-0.716567324113413,-1.17727550256419,-0.619267575050847,-0.450459758639534,1.49619725518092,NA
BC_TSC_32151,55.483,-127.9,490,0.145291302930925,0.0130508349736064,-0.0340942939621186,0.0797174287836144,-0.352120876757646,-0.104817821823492,-0.585927554930027,-0.529471712676394,-0.166298374787719,0.171578339379333,0.642666084340084,0.497801566339369,-0.306740248435146,0.54201770783767,-0.0692568270219788,-1.7156679567004,0.500137909956914,0.356945329640307,0.0448812756720913,0.0973610293806102,0.536094324013531,-0.243040680884642,-0.109076372979153,-0.128281326569789,0.84220281459813,-0.249461623381387,0.132058618103287,0.450055671281569,-0.33030990964467,0.850676361038895,1.30564027154527,0.938634324308091,2.42589337302416,1.05633628040784,NA
BC_TSC_32352,54.65,-127.35,1050,0.0915246011209407,0.00990838479733814,0.0345415220065014,-0.317711866589049,0.596882398044747,-0.00130406831579904,-0.22490736774034,0.253348438712231,-0.753409371772333,-1.00990877828628,0.0096303413477627,0.209595570458863,-0.952116895374537,-0.313227260450458,-0.0742209869459408,-0.704301724215644,-0.266236670754716,0.212592460421218,-0.81266329332969,-1.19147470651075,-0.262097740198762,0.510963514344421,-0.830610948005712,0.215198058976195,1.06915878364479,0.06635627777609,-1.09362426023229,0.235945672508548,-0.668855894192914,-1.04771158769564,-0.54102548394881,-1.10931682267367,0.324032231587283,-0.650679598061793,-0.804064469582098
BC_TSC_32356,54.817,-127.7,925,0.102986871006711,0.00422689689753059,0.0147132520655968,-0.785674439656203,0.892484867711377,-0.215761013001461,-0.287903939369374,0.261202719746215,-0.802107073019833,-1.12444972634773,-0.232627351152348,0.15765753384688,-1.02464920810199,-0.614514946074034,0.37204712350951,-1.33992665761996,-0.264475625176547,0.263703420553644,-0.542856072395981,-1.2967654064405,-0.416881622217055,0.920101046074142,-0.720104435494342,0.42564481186935,0.80739380811808,-0.264347776791956,-1.2217083936862,0.304118015906276,-0.762091528010778,-0.0292604036219581,0.0732845078241151,0.0952445107720399,0.036244840128101,-0.27642521156417,NA
BC_TSC_32361,54.767,-127,800,0.098590035560693,-0.000428750678281056,0.0342427866689328,0.927009069393258,0.419973916242,0.711367011614516,-0.386063005340216,-0.171100215430005,-0.500007279107092,-0.343061654627383,-0.071021995783915,0.161836834002516,-0.281189172799746,-0.268688513759526,-0.677187388286546,-1.5128055652626,0.16074969601751,0.212642889685757,-1.07377118922649,-0.457924671944353,-0.0467950631874492,-0.40394725481269,-0.970686104608862,-0.333196216562677,0.28212067937278,0.748143529743115,-0.398338557333275,0.286890375740025,-0.376627646391976,-0.106196937872234,0.666036438953705,-0.44902024724214,3.56608995127281,0.781459154709873,-0.0838428801210243
BC_TSC_32586,49.267,-120.767,1650,-0.0258861140602831,0.00877280812532237,-0.0483768479884687,-1.40282470926898,1.30165335587489,0.166507783497836,-0.578312791024411,0.0783200023786456,-0.796418612464392,-1.17291686301567,0.0255744938750589,0.882030036877576,-0.426550663065872,-0.750062112159497,1.43509100940468,1.01467953027883,-0.0929401730172842,0.829012999593968,-0.908785680154612,-1.32589321724212,-0.528851285641859,2.58365423953991,-1.17854449295672,1.95851314140952,0.938653451895235,0.116074295489126,-1.38800983632941,0.750841830394009,-1.32197364117755,-0.573834256830443,-0.79707527357615,-0.212541592766336,-0.780051997033525,-1.27916885840434,NA
BC_TSC_32594,51.072,-118.833,1250,-0.0145469533364337,0.0157887383953831,0.00153092674040884,-1.89211582204304,-0.562996134805107,-1.28804157960269,-0.309496289867714,0.00547923471618583,-0.486802692078016,-0.416457692203078,0.874287182748067,0.596434764304001,-0.836776842482782,0.747696583393299,2.8589088675631,0.458312157666907,-0.00617494090175708,0.465023798510992,1.35461214252366,-0.412822510651193,0.298896016778327,3.77870858931214,0.63600003128589,2.58400442691634,2.03304487523778,-1.12861427119537,-0.382484622897954,0.390369779056825,-0.614084319416907,1.12870385292479,0.723198697917389,1.47211941300257,-0.0530774470572586,0.430461727889636,1.36119315193256
BC_TSC_32707,54.317,-123.183,800,0.0643726952996971,0.00310810669158561,0.0798649493555883,-0.04176077177619,-0.669265516935788,0.479241770309581,-0.21609512933026,-0.409296913671019,0.207828489774072,0.520664674899426,0.201515894789167,-0.0243738094384689,0.237283356843938,0.47533438792244,-0.0334991602686775,-0.769672940568921,0.406939639117853,-0.0974653438054955,-0.401733083436604,0.535972215017047,0.394527739707871,0.165176397784239,-0.498864715075518,0.07891646271423,0.194568274558228,0.318879095831971,0.622478537371023,0.0311013887972192,0.297378413856522,-0.111258983047271,0.0305103587646811,-0.511100417990565,-0.570770778130031,0.136098393890752,NA
BC_TSC_33180,51.483,-120.35,1270,0.00251648861463242,0.016851201653745,0.0408416287714911,0.522921370335077,1.10073211488278,0.718462715452909,-0.452479478487903,-0.257689116614352,-0.377206254185595,-0.178863538844019,-0.239101391196055,0.0768636832394509,0.518460291228768,-0.751703051683719,-0.450316261321837,0.39362932805007,0.256575092847676,0.403605907177204,-0.634349455581773,-0.133700468589731,-0.349566328454891,-0.219113262197625,-0.511346520766321,-0.197103322446357,-0.622532436854907,0.310104475338098,-0.128832624763685,0.393837845416753,-0.453014253177415,1.05964430685556,0.521022493597567,1.25738730430766,1.03334758561026,2.30202782733275,NA
BC_TSC_33286,49.4,-115.95,1500,-0.0793249140463976,0.0204836037990152,-0.0586788803913658,-0.358803147092906,-0.0891271231780531,0.133910390851854,-0.413816968965518,-0.198016423150259,-0.231898415136278,-0.0924285807695878,0.458329774358313,0.438097788607566,-0.198234296762569,0.238669330558197,0.150425219524024,1.10315411653471,0.187905984738999,0.482371915773552,-0.660905375882531,0.148165696942342,0.174331516890497,0.6924982364686,-0.704233379012974,0.338748890482494,1.29973825571658,0.461545927515121,0.0509090942724924,0.439671995512503,-0.415168434233426,1.51958984242813,0.450718548233941,1.47150644401577,-0.960746267364473,1.5157463445822,NA
BC_TSC_33351,49.717,-118.033,1750,-0.0348974413044238,-0.00236190933104717,-0.0290141858082296,-1.30115835819821,-0.207265434178113,-0.476594489837675,-0.539142894976509,-0.178535821946557,-0.440548240499513,-0.381144025705154,0.770506562399912,0.816898383247179,-0.600731226115283,0.494999179428773,1.39882705995026,2.14362026554222,0.171697017138856,0.744766748265342,-0.244854093618571,-0.328906756611197,0.23435790057356,2.16464201922183,-0.359737730401845,1.535732840836,1.52637473309867,-0.146302207992185,-0.429923639205344,0.635886289259536,-0.844328485280114,0.732890243216669,0.559685769739135,1.41848698338156,1.54490667219546,0.819764732270342,NA
BC_TSC_34837,49.367,-116.667,1700,-0.0598495958530501,0.0285670538451764,-0.0636362925730471,-1.74209628438673,-0.529754205547664,-0.978759466541848,-0.323419145344866,0.0679893905496091,-0.556909234965332,-0.579851664702868,0.566727997391591,0.666679292744522,-0.950973324093344,0.572334206237466,2.27565914152081,1.86128411333373,-0.0942506164595882,0.601531990395944,0.61276053754863,-0.447917501008105,0.235044275255046,3.38832290541731,0.132666316568001,2.04863751283893,2.25048778515957,-0.790645835546031,-0.548897899708873,0.488996227883312,-0.759792309843669,0.887727228493768,0.494248929683374,0.83816957181341,-0.544610934811664,0.752960797223077,NA
BC_TSC_34982,57.5,-130.333,800,0.0581634029731921,0.0134405295713308,-0.0339008127728895,-0.57005604564086,1.51645829491493,0.0962290502197282,0.747437435057824,1.12121706008283,-0.839666834732678,-1.33095753224028,-0.785783936997478,-0.660211006540119,-1.24064837598233,-1.24342016357448,-0.264416977183094,-1.91086801071307,-1.10559197932952,-0.660155302657556,-0.665078067905428,-1.30506652316058,-0.99167651221277,0.409253248289185,-0.645441961874437,-0.0783791858221837,0.220031760225311,-0.139087847427976,-1.30905894917727,-0.668769378433793,0.15582039315946,-1.45818025887504,-1.01795459937257,-2.10822562190392,1.9585556056193,0.00514553629111058,NA
BC_TSC_34984,57.128,-130.36,700,0.150896389254355,0.00447485896581515,-0.0946130171211303,-1.03138610565948,0.950263513623858,-0.217160824523183,0.171821567340775,0.530534118712515,-0.759754025847685,-1.02074806962623,-0.0687024558304575,-0.231545953882235,-1.04822780959416,-0.572355677555405,0.546114170182223,-1.51064431617404,-0.534568567346934,-0.209776719068387,-0.064297722052615,-1.08599323557562,-0.425878966118738,1.06428967323992,-0.297464528885044,0.470168204791023,0.605559234883008,-0.561623868316208,-1.10123993646766,-0.185439689417907,-0.22430730912674,-0.0411015549879906,0.314393233770083,-0.0476189495574444,1.73917936376334,0.318258768361184,NA
BC_TSC_34994,54.817,-128.75,325,0.190884078038689,0.0093246768651904,-0.159377072516177,-0.971659579840002,-0.923845406458913,0.381504521872435,-1.24539479672186,-1.30746156390576,0.417561376422163,0.807310650322737,1.68104411885182,1.52188296214108,0.104861777240781,1.34854627020636,1.49937819746934,-2.15772484565042,1.30326804912158,1.08879192655314,-0.144797335038098,0.537950390036675,1.53670522890822,0.877676841192605,-0.730590465347635,1.59951847277973,1.67632541850176,0.0978737184570291,0.64715411236571,1.20168983526608,-0.859059532861709,0.85457070533249,1.68778719056381,0.300384992878683,1.01451325509795,0.79848096359019,NA
BC_TSC_35264,53.867,-122.033,900,0.0785704092716196,0.00801883784726071,0.0147365936126701,-1.15144132340364,0.441537233018942,-0.418542321146949,-0.278286333915665,-0.19689532787846,-0.295583384267931,0.023698616246904,-0.219056431632987,0.126223139512715,0.134667501133074,-0.323795546573273,1.13202991663875,-0.546936666404273,0.187108418958517,0.073554025214172,0.737252656122603,-0.0962159711355498,-0.0598528552048701,1.27275890458737,0.382914008414837,0.849889962432336,0.194568274558228,-0.758198322162578,-0.0136589965680627,0.193729844283909,-0.108609539713135,0.312646681436354,0.202127924374839,0.113264071430713,-0.190020568629014,0.485498757663682,NA
BC_TSC_35648,49.217,-117.533,1100,-0.0455768316980818,0.0331317600738097,-0.0660742365228072,0.0369110188571771,-1.87732111639995,0.863694682527149,-1.37850391040957,-1.86622073867513,3.82609283531663,2.40270475527162,2.08750859520984,1.75305697523631,1.80027865815312,2.06874989358978,0.575547544516882,0.485273345932176,1.94527395624566,1.22589457590691,-0.308078119090227,2.27007034186714,1.86425712113769,-0.00868761172317582,-0.529812085836452,0.727579918367793,1.20661189022704,0.895666510059011,2.16428432580441,1.32749057789333,-0.332095397630597,0.413241308470382,0.0856438911385687,-0.120505328907701,0.261879770413353,0.527941389974802,1.07413841219103
BC_TSC_35696,49.267,-117.983,1370,-0.0333113426146547,0.0184845926249005,-0.00739105372210141,-0.708996395106583,-1.12599195605349,-0.0042488833910847,-0.964080828706591,-1.03130305851144,0.821337647145712,0.831248088243973,1.62184752628963,1.19161610663579,0.20999083993095,1.43327231108754,0.933058806039565,1.05869949738692,1.04324011442881,0.938882607878354,-0.215852713331537,1.08864441085706,1.06273322193308,0.924004148376866,-0.25607894125572,1.03655865828948,1.62449451953122,0.336355860536052,0.983383537595856,0.924170518169599,-0.504703887836443,0.0552318815208942,-0.581660636696292,0.286146624195571,0.290987308972185,0.702182274623238,0.645347179442025
BC_TSC_36033,50.483,-115.683,1000,-0.0672763685946364,0.029018784718318,-0.0302083134034024,2.19217258418868,-0.00792311433818342,1.88976409931266,-0.439386447195396,-0.653858390555404,0.628745452540712,0.905243502957383,-0.483673254344175,-0.0283031087302395,1.46361326034942,-0.213890667452865,-0.987822630985923,0.500193396517509,0.634081474545072,0.21495745784969,-1.12612868174644,0.990820705774052,-0.0217198786698072,-0.827491560452814,-0.939492770532554,-0.597789321795747,-1.23535797041476,1.55455909808401,0.981864552895214,0.271985352428337,0.171038271745369,1.60970371206193,0.992034731892057,1.51381084241524,-0.543753161816561,0.885652191860833,0.461880263661015
BC_TSC_37355,49.5,-120.95,1100,-6.39121181301062e-05,0.018546868604239,-0.00792289434105022,-1.01055566840078,0.101045941012515,0.80235683893996,-1.04036622095702,-0.961623845656762,0.0961737023586254,0.38255541891959,0.553398696617382,1.18302107693612,1.00893975268945,0.211277193618351,1.40304340371516,0.623191666112702,0.934034029404618,1.01758400397951,-0.804130229804505,0.288435664276806,0.513752411304431,1.61633312055395,-1.05742956362324,1.98862728382357,0.489043741802271,0.766478603747522,0.310950051585973,1.02549049604796,-0.896460412962082,0.367042645083339,-0.00503425906067239,0.626853523869641,-0.306881588277949,0.0559334804616225,1.23915799511934
BC_TSC_37721,53.533,-123.05,765,0.0597357741535793,0.0157283836356125,0.0681048535748928,-0.0943641987354653,-0.891367092342032,-0.487533180318477,0.151956816403521,0.439490600032262,-0.652169141948684,-0.75767637064125,0.113545194332113,-0.313874809793793,-1.402783349139,0.55711322594218,-0.329264469295293,-0.42781047836476,-0.429934072069113,-0.247692321820747,-0.452637784319191,-0.680385433867872,0.254685150756032,0.0473450190635923,-0.378192353196825,-0.183103436593433,2.14393497727801,-0.100680169628466,-0.642375699368108,-0.133919711567871,-0.0190515966343745,-0.0970351107069963,-0.0696970249708202,-0.477446722266161,0.0456220449971426,0.40543119334965,0.234080672991025
BC_TSC_39001,52.083,-121.05,1460,0.00759735362320912,0.0182341459041427,-0.0707447581667743,-1.42120255154212,1.22537642688043,-1.13142350641782,-0.119024340034262,0.42309482971214,-0.798750292136153,-1.1571675457858,-0.604771227087906,0.0766972540929352,-0.501040544590381,-0.96784328912042,1.22447740573803,0.502803560838777,-0.435570700402258,0.341371466993052,1.0391998971476,-1.25081766555598,-0.786371563254293,1.81419564147598,0.759273086517562,0.983841965538903,0.46472107515213,-1.20778166041971,-1.17547361230847,0.238139800999658,-0.799836805769094,-0.236976071505894,0.522968423419551,-0.113448151481883,-0.16741265579266,-0.264265222907444,NA
BC_TSC_39068,53.067,-121.45,1300,0.00318764764121684,0.00327204633657318,0.0470570221280422,-1.05958451709328,0.695989070156958,-1.24652961146583,-0.419118351732517,-0.0323562425274407,-0.620165425284081,-0.64373135634062,-0.062396206581995,0.389290477099351,-0.406299266068875,-0.424241106164803,0.879659374793472,-0.026034347870485,0.0337239140659686,0.470690787113515,1.16757810629577,-0.709781355271625,-0.216907609246282,0.920930021759391,0.955918854154482,0.528500628062156,0.603118630264796,-1.13160872984655,-0.63105738983778,0.476312821860723,-0.733924121098187,0.0963808793752764,0.719075381137305,-0.0981678745621525,0.652722155550213,0.199423263476007,NA
BC_TSC_39124,49.317,-116.267,1820,-0.0595839683496542,0.0319967951715449,-0.0293241563147703,-0.625767518292184,0.054997598451588,-0.428090701425087,-0.306623302902491,0.0292801865484336,-0.435997482113308,-0.431153795220835,0.691067688299442,0.471491475426247,-0.621195852369998,0.325666932265522,0.313579284534594,1.21447833799644,-0.0463944166200024,0.480935582256784,-0.272295955446309,-0.263951807269907,0.0853573504868816,0.905398948308168,-0.471144126106696,0.412034343777649,1.76965594695744,-0.102766060835075,-0.387524654487221,0.402190459727127,-0.563291617966912,-1.76295193782173,-2.05334382664848,-2.14706583108836,-0.176089108585823,-1.50024680656804,NA
BC_TSC_39178,49.617,-115.283,1100,-0.0682431634310286,0.0323132008840347,-0.0494953399851446,-0.315869789527088,-0.374716836163132,0.184361058922504,-0.643668617456563,-0.718213227635462,0.424256481489506,0.721097216161709,-0.0290313425292525,0.383029741179996,0.974435532454298,0.195625537042852,0.356633851170729,0.974147289209449,0.726153586661497,0.482553371073633,0.181666218637851,0.864785807332643,0.295903200859458,0.344180989568857,-0.126579017835907,0.343149447185865,-0.139971447424236,-0.0923418325995435,0.799582353564642,0.525399356978329,-0.137763396767618,-0.819872113795578,-0.75016767480645,-0.973724729386442,1.32511462898681,-0.205986843251369,0.687509882541676
BC_TSC_39291,49.883,-119.7,1140,-0.0237204028701436,0.0132440347609817,-0.0166980175744063,1.02421621759441,-1.68546809890015,1.2123791368634,-1.24324243611166,-1.43630021362812,1.12939978496072,1.24336796292016,1.99637268919129,1.52613511969132,0.725701740159153,1.93329773449312,-0.325110852796275,1.41914614939186,1.42893959834633,1.19211439797736,-1.36436872246986,1.19500354299406,1.55472548208434,-0.332104047639962,-1.26354396739986,0.257195223173284,1.62449451953122,2.16348107072536,1.23806567829561,1.20231411706296,-0.707371546737946,-0.119224859201225,-0.0778312507286357,-0.104676017978351,-0.9224834673058,-0.678029861974142,0.765374178764862
BC_TSC_39381,52.867,-119.283,850,-0.0173282206351158,0.0330785266081819,0.0363633727877036,0.0359361946158274,-0.0500875928149602,0.410289510246722,-0.299671393618797,-0.298788006289278,-0.115581978262324,0.258130142709641,0.104807992042151,0.138068180442625,0.215386575244674,0.0747779714361234,-0.112384389444387,-0.227375081822174,0.289031040381988,0.16588820753914,-0.441672510906372,0.220027358718221,0.13011620471642,0.1317944576564,-0.442620707167481,0.0293707593528438,0.194568274558228,0.259924748054039,0.274961931708778,0.199508959814177,-0.0867943072725812,0.294606109450052,0.369694073268555,0.572365931532136,-0.481824538264291,0.202021700245442,0.549983728560417
BC_TSC_39394,52.767,-119.167,900,-0.00991468950705598,0.0163867086520151,0.00285693069576613,0.816402597855469,-0.363344844531381,1.11824214605837,-0.489348816871125,-0.655193783684467,0.38542479163374,0.796648118996587,0.377457295703275,0.328118837152571,0.597302947872459,0.389707601339141,-0.467010196736603,-1.58491126080084,0.660128473239267,0.260646146390993,-0.967902356555576,0.736092145420023,0.471875774968161,-0.264003096741477,-0.919416550135154,-0.153563674043724,0.194568274558228,1.15586634875876,0.815194749256293,0.344821462706686,0.0282556770456115,1.71878999350581,1.98201815195249,1.5526571163019,-0.307183277379652,0.826123761035244,0.775854584237356
BC_TSC_39464,56.923,-121.404,815,0.00780358228568561,0.0074242909004417,0.0353426777413654,0.484881176121914,0.0208499041581866,-0.295411461406488,1.15996859165224,0.81238805265283,-0.148940024440353,0.072400361660441,-0.678191109781372,-1.03269586507033,-0.378044526253102,-0.347483073019762,-0.793831864391752,-0.997378811456835,-0.79320968731232,-1.198910271828,0.0520729935950657,0.417725700413416,-0.223511256181843,-0.871742574609905,0.342213502360249,-0.880655368135351,-0.418257259001623,-0.145420373603062,0.332218143254096,-1.19652171130296,1.32275431049785,-0.534327798684287,-0.122772270018923,-0.497686947590018,0.678065991604709,-0.736955493221452,NA
BC_TSC_39525,51,-122.683,1530,0.0051785898557373,0.0295783400396538,-0.00874835962602788,-1.38640470026056,0.947452235114066,-0.221518070059563,-0.282806806780051,0.435112045047421,-0.884264105987139,-1.48033604255468,-0.0862104185694308,0.560858212799689,-1.32202659762458,-0.584077951005523,1.16552248173055,1.93028643835022,-0.44215197567459,0.619954205967047,-0.72419075112598,-1.80796753760608,-0.648942956836085,2.34183754955875,-0.902352785662215,1.42290346457177,1.15405317365963,-0.288299168712538,-1.74696350326708,0.496473180936463,-1.30276321919214,-0.351786716507175,-0.674498873211677,-0.368023372586647,0.297853020850733,-0.332503407944578,NA
BC_TSC_39538,51.133,-122.583,1860,0.0255190459746697,0.0101470631362083,0.018942512030205,-1.62687493208472,1.4836827582895,-0.618050870251567,0.25581188441668,1.16009426302149,-0.992678560717507,-2.15583694624,-0.727714898579324,0.15172179905055,-1.8733422294802,-1.1793344737675,1.11603513352554,1.60532736125448,-1.14075751882275,0.260393324676365,-0.516091599172769,-2.70355090203826,-1.4461618695769,2.66452064522841,-0.653788539059962,1.26398271089036,1.13603228528135,-0.851563934170558,-2.67586271201231,0.11547433613948,-1.28693944767151,-0.809240711964534,-0.204600702806935,-0.816140097919909,0.0927368203334478,-1.55341218134584,NA
BC_TSC_39561,59.933,-129.1,880,0.0246470924922956,-0.0138900090816644,0.111632663386163,-0.343855062555828,0.660934436035073,-0.0530840303057924,2.75661933170728,2.14831229646635,-0.474227342734495,-0.545667884942527,-0.868954478384182,-1.98977488649175,-1.71168671162534,-0.80230105943,-0.897268567755656,-2.18656126844963,-2.13490157896549,-2.44408895979512,-0.775788631826542,0.0365629401442785,-0.84384418850705,-0.463818081560298,-0.602435966020427,-0.66508458697923,-0.996663410062621,0.558914369025871,-0.121837224633781,-2.51412199079163,2.40795265358494,-1.89041187229636,-1.927247116327,-1.880097902207,-0.644570880962658,-1.40544594674382,NA
BC_TSC_40111,58.6,-122.717,482,-0.00638289227076508,-0.0459040850871642,0.0188572950780486,-0.0901983117273671,-0.381555303444995,-0.276774327159603,2.31759646436553,1.40409750721597,0.548549029051524,0.531201867306697,-0.502249708867264,-1.21490292324856,-0.410502159651565,-0.0339235961711628,-0.715240739033823,-1.29105945697076,-1.37473655564886,-2.33053981624458,0.0617717027843094,1.14858603566989,-0.172768437421487,-0.748346795482785,0.264920600944016,-0.82866288361941,-0.21398208114834,0.0915927573755675,1.0108319081921,-2.23810112414483,2.71602672141213,-0.515118064447679,-0.966742549434742,-0.593393999507546,-1.73563577579286,-0.856177227583358,NA
BC_TSC_40303,55.617,-126.05,750,0.0862855328700578,0.0050994358630572,0.0280670449951923,0.020005268091755,0.488148301198837,0.237188392880441,0.140314688476711,0.23431429137783,-0.469007114074144,-0.391466351394347,-0.429962749623288,-0.117196987326885,-0.313821944015712,-0.521040648423313,-0.327527973205334,-1.3901473602166,-0.254446550330788,-0.351394926339485,-0.49846170765143,-0.346138018771746,-0.286010256025174,-0.00995348822223001,-0.458320731130712,-0.132159183996454,0.194568274558228,0.0859450726743304,-0.325589278306185,-0.249488588733504,0.211151999978472,-0.332636943416903,-0.603065457649752,-0.460904446105869,-0.400937791071424,0.0986998531090789,NA
BC_TSC_40374,49.442,-119.1,800,-0.0402703185061585,-0.00962179573305001,-0.0449303810683328,2.63365438079012,-0.43366909980703,2.71736610372087,-1.18226668533438,-1.57459773266138,2.0282155280406,1.71428097288883,0.435649828146728,1.10357080239992,2.75026924018089,0.456708714666365,-0.892125824868335,0.524024189263743,1.58692301796093,1.00041565353719,-1.43489409681763,1.67277377157624,0.736679682854454,-0.877842756585399,-1.29632821313306,-0.362480636208999,-0.622532436854907,2.6283311222891,1.70593487175521,1.06716637462521,-0.326504337572911,-0.511496961488999,-0.85709822127696,-0.211929067682353,-0.806075574897226,-0.0374773896326993,0.10969929104526
BC_TSC_40379,49.567,-118.883,1300,-0.0484446910105094,0.0391895384972152,-0.0322373556780208,0.100644413062788,0.565214690769385,0.665604353749925,-0.660819683347105,-0.48637998521154,-0.18090039049075,0.0125558486235121,0.0902209314667904,0.666598578179903,0.695534975659619,-0.271043164321518,-0.100875387142035,1.09864169268221,0.47278254752258,0.691685782421555,-0.528664672226235,0.184821801382222,-0.0609516104642207,0.145360491607088,-0.690295537100312,0.138606974760899,0.174687321293722,0.318035994669856,0.120126373580099,0.663962924621454,-0.616808632772565,0.761101245641013,0.289904523812748,0.279605229633316,-0.198457299453946,1.63920663033277,NA
BC_TSC_40411,53.267,-122,1220,0.0558828064822047,0.0142626809836381,0.181701523417658,-0.824103828605887,0.29899495691905,-0.964319020385088,-0.318811948780443,-0.0118623563937129,-0.591830468082309,-0.549539158803279,0.113545194332113,0.25895002671485,-0.476603229543833,-0.113730790897324,0.564357312804125,-0.428509374822367,0.0196986337396347,0.278719634592586,0.816085660810456,-0.643828438689039,-0.087016619522532,0.641412483094976,0.711191540121841,0.379192803684947,0.710927585861727,-0.953827970422541,-0.564693034736427,0.321940458932191,-0.520531187117969,-0.963591648083581,-0.990516978670076,-1.26833183480959,-0.390853187455982,-0.88328881932444,NA
BC_TSC_40413,53.204,-122.666,800,0.0286039039882034,0.0175526170568182,0.0383884987718128,-0.565826183703969,1.33619695524886,-0.690499541498414,0.221158627411059,0.651853823862718,-0.772244459283912,-1.10857667710819,-0.622077840872586,-0.107080523798554,-0.98810709581541,-1.06466236243238,-0.0504094042978117,0.0251697643496396,-0.64718019355194,-0.17360182646519,0.135273448605027,-1.04575774002001,-0.673784718385125,0.318145027516046,0.0911420474949023,-0.0914899615654462,0.639885107626375,-0.689949425665658,-1.04045921924502,-0.124039167870604,-0.234137855846986,-0.184044771090614,0.0193814514351292,-0.216409265714669,1.25089664134799,0.690818992848897,-0.0545933021656643
BC_TSC_40681,55.9,-126.467,1000,0.060167283407252,-0.0108938647989245,0.0515993377574684,-0.3237064677497,0.576879205739598,-0.127967934164429,0.377244894581686,0.607014642882766,-0.687982331554712,-0.860870932725747,-0.805792653748773,-0.377400743589997,-0.580885585764039,-0.723857728096978,-0.235639448781369,-1.16376796627884,-0.620881781973733,-0.498482457506565,-0.212233076795775,-0.860440608438975,-0.605998132533973,0.101296995928345,-0.237912147872348,-0.171808054825513,0.194568274558228,-0.375266194195075,-0.856522565990032,-0.412067788274475,0.152177539059252,-2.01061638887848,-2.30528724412349,-2.22703276445938,-1.02633412637275,-0.874079699284363,NA
BC_TSC_40780,51.583,-119.733,500,-0.0204061503363635,0.0321788034423503,-0.0508019761702677,1.98184573526273,-1.44708272431955,2.03363277556031,-1.09334184260672,-1.68986881464899,3.75284900546176,2.50958763312466,1.16919359981676,1.10768510233095,2.30087884966358,1.39096672518547,-0.649020836848213,-1.45774438537418,1.76944368803655,0.777149202583787,-0.942565808346246,2.37895418217428,1.32253632060155,-0.793532055298368,-0.784419322829183,-0.294814200138436,0.0718889300949713,1.87840879723458,2.38022572729279,0.903275175802818,0.151576496795775,2.26863513239664,0.213709491871498,1.96654094979541,0.598972356735754,2.8252961889709,NA
BC_TSC_40905,49.167,-117.8,950,-0.0308179973553395,0.0107976062296687,-0.0183012449710387,0.364193391653622,-2.34670300798181,1.24270289355062,-1.55240218118161,-2.18420568819805,4.98721781414052,2.71230979046184,2.31421140982762,2.03913546376533,2.27531783713073,2.46271176574243,0.36194513172972,0.545280100324055,2.27886604024972,1.40030846479583,-0.530659084334095,2.67990489575989,2.29440340998873,-0.417769364565341,-0.684725205421292,0.60129749580183,1.23277903680416,1.32280798292666,2.59846376447276,1.5082469005845,-0.343958375599827,0.981948529011193,0.490311188207951,0.472480546971394,-0.573989700226827,1.90916932415518,1.31247249951161
BC_TSC_40986,59.533,-123.683,480,0.0229255596118195,-0.0673885095677325,0.0657376676537619,-0.441636815861549,0.233050328172654,-0.739175095944583,2.54527631873433,1.65394367508659,0.384403085046485,0.342799107555256,-0.502249708867264,-1.59743781650613,-0.574837741555355,-0.347483073019762,-0.604220398516542,-1.55683303931438,-1.61703944874756,-2.26220816279481,0.535022753343016,1.10681348723919,-0.435983401814364,-0.739097236099694,0.709110366963036,-0.858372874771376,-0.622532436854907,-0.278659110103552,0.9327584004382,-2.33483532372329,2.6360920691007,-0.921770845017865,-0.483836223320708,-0.679224943869753,-0.48390697864789,-1.72776212265819,NA
BC_TSC_41276,49.783,-120.4,1585,-0.0414099096472173,0.0356094301541278,-0.0581669575456715,-0.315860101417767,0.72106971575058,0.412738623691821,-0.474429696449655,0.0437161897356127,-0.729010268130897,-0.919641800847665,0.0339143675618826,0.569613957340413,-0.320293762515468,-0.39087246687065,0.00768274076793848,1.8354166867642,-0.0379653837430985,0.639877367550108,-0.991691184338647,-1.02236623575518,-0.305417708557557,0.703311227361819,-0.996591465280182,0.520694592636654,0.892225858295921,0.371419173691929,-1.02541406489889,0.574174435307854,-1.0199232250885,-0.608406017498904,0.210940419212412,-0.487055818297669,0.450331041788757,-0.66885428602272,NA
BC_TSC_41511,49.617,-116.017,960,-0.0623215460357115,0.0247441148703582,-0.0377378833272792,1.50452962671874,-0.849066337932478,1.79790980041112,-0.849793137540451,-1.18097820637389,1.74376046506988,1.55729191096713,0.465427996160328,0.579328990910195,1.66938487653244,0.706831660958937,-0.613476576736125,-0.709361404263198,1.19029955180192,0.59972013896288,-1.11286043228479,1.67900677019007,0.712463717168859,-0.503046967514123,-1.03229111371475,-0.205692500109943,-0.193444221851536,1.86554984112221,1.59131349682077,0.697144640236242,0.0567511657219789,0.912571763198499,0.594457196296445,0.512156937954949,0.18903827465396,1.49565281211239,1.32483315052421
BC_TSC_42249,49.533,-120.017,1910,-0.0379809217649418,0.0226402398609912,-0.031087634729269,-0.0928257937898124,1.16272474157864,0.114023239316509,-0.273249484873929,0.395667349634895,-0.834407882205808,-1.34691712501904,-0.0990162120624773,0.567834665477879,-0.721801970572205,-0.705360496344918,-0.308634118910694,1.64969039568924,-0.405243559112387,0.6399086607098,-1.02180484687877,-1.43405751285634,-0.611854825970005,0.428643409430041,-0.978110200423963,0.0947243757920662,1.33453791122108,0.206907277230527,-1.5410871768729,0.506786206763185,-1.17840038706589,-1.20344224924556,-1.15886816447118,-1.02851405643561,-0.766265655589736,-1.42180791125533,NA
BC_TSC_42321,51.05,-120.567,1610,-0.0188948653657279,0.0154012549006956,0.0175872175629893,0.398857112731993,1.09872674404441,0.067418081676144,-0.128361151068951,0.461403878763794,-0.840639080381335,-1.31273150879102,-0.864410703648966,-0.111076966179477,-0.40708676519155,-1.0457182336947,-0.627144423836779,0.751659494880964,-0.469825070384214,0.235805906384776,-0.670868724028205,-1.66098793058731,-0.91373658299638,-0.228015775483955,-0.582810995535274,-0.403880073609612,-0.00469478040095041,-0.292602358944991,-1.40538333193015,0.219175018060911,-0.869974425088844,0.327230505998998,0.169417383647252,0.11373995347497,-0.853964797159956,-0.0330912062290332,NA
BC_TSC_42322,50.583,-120.533,1325,-0.0107630111536408,0.0184699467923537,-0.00650541376643444,1.94688970054105,0.227420722397927,1.1040249066704,-0.544099498155559,-0.285074266250655,-0.444458043458737,-0.296226678606377,0.224328731310584,0.353495353411203,0.049980292640969,-0.0187529331661084,-1.01101162877804,1.14950724174188,0.270855714384333,0.561928583196059,-1.40728688101918,-0.318582206885238,-0.0143420455550482,-0.662117097631494,-1.27010897567776,-0.480592482537768,0.194568274558228,1.41525492833578,-0.237414378176822,0.539041885721719,-0.672719233349424,-0.642510435331179,-0.451452159758725,-0.871362257003948,-0.0491846005951256,-0.538415502732301,0.64136147897149
BC_TSC_42450,49.733,-121.017,1000,-0.0147032437745101,0.0164009154002446,-0.0488077629206824,-0.900136611667445,0.00617322115658809,1.21890624613946,-1.07218152419942,-1.06775221381424,0.175345502397885,0.550461362940552,0.178582248895173,1.00930904811201,1.30185713140792,0.0833706418477101,1.24456263162698,1.26763650765926,1.0575299790862,0.980341541856484,-1.12787134198011,0.425258004252996,0.478979613979299,1.42642629165602,-1.3173402359315,1.95800834900309,0.0376339689161821,1.30184736643628,0.46214869340484,1.00236968049733,-0.796218645995191,-1.0267151808845,-0.2617332139325,-1.18748784958182,0.0816778181220491,-1.14450357673258,1.29170855152606
BC_TSC_42474,49.2,-124.4,750,0.166489606304108,0.0311458759256782,-0.185595080177869,-1.90937702619872,-2.27949958904601,-0.0687960944060574,-1.9980234529688,-2.07244208009029,0.432964724708445,1.00128203918436,3.3144512677435,3.44039102001516,0.337646849133481,2.88921038672636,5.13545546472755,-0.0730698542591452,2.0664965603823,2.37571116582962,-0.416697708540777,0.509277450641255,3.2124609474233,0.966637473378661,-1.0805871049159,5.39520444511103,3.01887770644358,0.399102737780545,0.455397714342516,2.3792658412848,-2.13045838793539,0.579510090994661,1.04808743646534,0.444227826479892,1.52856404418832,1.2738596825188,NA
BC_TSC_42629,51.517,-123.3,1560,0.0326510512426028,0.0153018016951669,0.0519528207468747,-0.836855551945311,1.63766516398753,0.359816128085202,-0.144453156653105,0.549801083472092,-0.89947795878116,-1.52460248897251,-0.547794842328383,-0.272971811312798,-0.614304613990499,-1.17188155618663,0.28506762151957,0.901673753430369,-0.550078119554908,0.374712865294989,-1.04993353573747,-1.86793265074089,-1.25552088496741,1.22348626930781,-0.87180623519761,0.549592201218059,-0.626025805470311,0.0226780295775631,-1.82559906418345,0.318087798167813,-1.09103935708812,0.597104973491733,-0.0614947317293806,0.986837311418812,0.231871343574529,-0.436801069068422,NA
BC_TSC_43118,56.383,-122.883,1375,0.038038329575703,0.0158369003780645,0.00988147228537088,-0.655015252187292,0.739860522171021,-1.17344286726105,0.918384389913006,1.17606474469278,-0.799613281161419,-1.11949746170126,-0.883942894541767,-0.61806657519799,-1.69781977123805,-0.837171603630629,-0.220068130520016,-0.852700488482803,-1.16874218613423,-0.656800630912515,0.491320660875438,-1.12764776951051,-0.793683537745768,-0.0132629003290347,0.586062817749714,-0.484360348713773,0.249180309506546,-0.921521845199026,-1.05153426063734,-0.719250503610487,0.223539291411587,-1.42716900156894,-1.07313820440248,-1.40187908600877,-0.159216890422015,-1.35803559082494,NA
BC_TSC_43121,55.917,-122.45,1000,0.00627328226425197,0.0104315740155985,0.0614392631491295,-1.46395250317631,0.454502243313158,-1.0993741468859,0.671943660971745,0.859192953483982,-0.705411541548733,-0.834992578029566,-0.508719721931885,-0.4861854052039,-1.04562268631347,-0.525876404842486,1.01233222993188,-1.02564620792429,-0.850634928990173,-0.491506109071202,0.744873459431725,-0.873655367540557,-0.406298113666821,1.66899366404753,0.44491864843932,0.679416784060297,0.822416150337073,-0.979362909734425,-0.740344736144119,-0.60131808735256,0.133301813389306,-0.911852198242386,-0.584706363255489,-1.16918821931849,0.313600681652279,-0.660371005932706,NA
BC_TSC_43171,49.95,-119.283,1360,-0.0331532577542902,0.0130964067764161,-0.0768501604571681,0.298188302848568,-0.369723967936382,0.474017677867344,-0.921932978288239,-0.904981747198793,0.181185463794737,0.503335306792919,0.812873067035922,0.91658658485732,0.638965046568604,0.608061137476458,-0.0826175114256558,1.24957555183373,0.90644631802279,0.879174358664682,-0.376573868739231,0.4433617716423,0.554586425047609,-0.148856508003162,-0.589429168997873,0.072092358453815,0.398843452411512,0.260809196341917,0.529289546567584,0.873847111526166,-0.694190509102147,0.438476046170687,0.0385868358826951,0.226299825925361,-0.587034389932011,0.875969865377573,NA
BC_TSC_43262,50,-115.808,920,-0.0846928188627237,0.0440900475035226,-0.076405535536784,2.42345715208544,-0.540401350192144,2.37142901517324,-0.834872562910596,-1.24584960711606,2.30893157539065,1.77787417556915,0.170428958572661,0.44637067433694,2.24767256035837,0.387378771491874,-0.880908136024962,1.09815974689726,1.27033434778424,0.547782949362344,-1.2945802714164,1.91040226064128,0.495824971546782,-0.775890511574327,-1.14555543637775,-0.457122299002448,-0.826574619567436,2.41196161316999,1.81447857849273,0.656621674186432,0.190827687488628,1.04481082058547,0.300897046855519,1.23373149713458,-0.521042310650502,1.0299167805041,1.03550367505708
BC_TSC_43269,49.05,-116.033,1100,-0.0741563702365531,0.0266121182698236,-0.0780943206669497,-0.0325737715578498,-0.540152294177068,1.08441685638236,-1.05826977358629,-1.21888643906288,0.98527156540888,1.21300334725027,0.429048267098636,0.938903090542248,1.72527909659706,0.514795060717554,0.303567923608708,0.258632710353977,1.22881933315588,0.890380461663218,-0.577655187625613,1.20094780711328,0.69172742102236,0.188243503192817,-0.826663641182394,0.492407290994768,-0.0577140325141385,0.791891877953712,1.14222091424137,0.976939308380788,-0.409576492235515,1.74183183673209,1.35260896115572,1.47624668448791,0.366452018721252,1.13402545328879,1.60892928249846
BC_TSC_43278,51.617,-119.983,710,-0.0153817313735421,0.0228616451653279,-0.0211281894989463,2.32928472061095,-1.24478345169686,2.23399213809487,-1.07565179420849,-1.67753875089863,3.64497054939289,2.30879055302871,0.892148177320234,1.00220830929007,2.46123221991548,1.14031279906703,-0.763708824975472,-1.02306156721157,1.76292266635752,0.748184006329766,-0.988590661256515,2.26360246003348,1.19381800341054,-0.878090516262309,-0.819936996470461,-0.392843208114495,-0.206661825789629,1.92890932118404,2.35404384982266,0.88432171178089,0.158335245711632,2.09627245459144,2.17012482238215,1.48104011618474,0.356970261905121,1.63858248843864,NA
BC_TSC_43288,53.783,-121.75,750,0.0551432249437013,-0.00813259610457462,0.0507979347583579,-1.06429143489606,-0.065879153921779,-0.542364698765039,-0.428734370777079,-0.458966394810229,-0.0346917437828926,0.394336818177268,0.113545194332113,0.163672554631465,0.254996704618012,0.0918987604724856,1.13279090329137,-1.00582112033143,0.442831601246652,0.167744184578676,1.06770721211268,0.271516624932851,0.260657999907393,1.00551921181957,0.683420283661554,0.818977717610097,0.0120613885343644,-0.825709386329068,0.356370288226702,0.279108558234963,-0.059559552148144,0.556259856818518,1.05430443016678,0.361736332179979,-0.317378555522265,0.393570078443186,NA
BC_TSC_43442,51.167,-117.1,1890,-0.0566200712583042,0.0249959746724418,-0.03509691902612,-2.2610372711109,1.39949477643881,-1.24655689064359,0.61086690881211,1.27985171033571,-0.943826215457613,-1.78498950177382,-0.852434467847607,-0.453878864998939,-1.96888632650794,-1.2304753785926,3.18384994499973,1.20269393779073,-1.27234825424882,-0.162293063892414,0.522203192153176,-2.00059813061212,-1.18796799996935,5.89304281779569,0.332463221573156,3.39152856890164,1.04185393504258,-1.19953088899908,-1.96686925306146,-0.317321489010356,-0.610795123347006,-0.905080762705897,-1.95592604930937,-0.728442948933088,-1.3755428057132,-0.210343430258375,NA
BC_TSC_43487,49.05,-115.283,850,-0.0654401824636947,0.0292523829547592,-0.0518221053804096,1.92021365856161,-0.73985879969942,2.3595847302198,-1.1527220623844,-1.57223847199206,2.41281131447952,1.96832597412995,0.199568179237971,0.967566046728428,2.80719358528085,0.514157487684742,-0.669347819423806,0.328263366557376,1.57695177038927,0.875393402042837,-1.02927082369281,1.97974551599194,0.762616309280034,-0.782941977123056,-1.07708640943166,-0.317296615775635,-0.811917744642805,1.85976219402399,1.89252038068362,1.02726880982559,-0.09468017579625,0.854376261732085,0.634633039597853,0.567071620303434,0.0788244422524675,0.891299700046224,1.36291384341
BC_TSC_43489,49.383,-115.683,1975,-0.0670740207209332,0.0224444364723318,-0.0859790639815998,-1.063849289631,0.473533882201007,-0.629374586841351,-0.00534437577218581,0.488263204954033,-0.693127023529985,-0.949767675719693,0.254630406605347,0.231715646893612,-1.3409195379331,-0.12531601593852,0.60416099982102,1.35626423556643,-0.488927596930668,0.312224252612337,-0.177235028578318,-0.696870798584008,-0.281527979259033,1.59025091273255,-0.55994068896536,0.646074871611425,2.00846895299987,-0.343127833746209,-0.915346185277683,0.197868338793898,-0.561694865189178,-1.09831462007924,-2.08315887280372,-1.07024145657695,-0.549642676171139,-0.970781152895056,NA
BC_TSC_43690,50.5,-122.733,650,0.108601659714833,0.0187100181699946,-0.121344941977961,-0.0350572682714186,-1.00017872549452,1.66864732380035,-1.365350859971,-1.60176064748275,1.00293729273308,1.33231452009981,1.41234528167393,1.49950788482519,1.54692420854512,1.28873887420834,0.448760114164666,0.999512501246069,1.59284785835251,1.27168592402245,-1.34113494676413,1.00955923074278,1.37749742586594,0.12471033610441,-1.36496851047283,0.926960452098731,0.603118630264796,1.99681080677369,1.15947046991398,1.30371904900931,-0.867610384315183,-0.698249805155957,-0.115920548042902,-0.94552842893255,0.855995290241734,0.2300418400823,NA
BC_TSC_43694,50.267,-122.85,400,0.15162648633494,0.0135565024736772,-0.241377848734833,-0.94664003751811,-1.92198437857515,1.12057620446802,-1.67523962614438,-2.15665386245054,2.44322151889152,2.14638758439852,2.07588941822076,2.19590921977442,2.01060634181559,2.08813529172141,1.93186238189796,-0.0309581522372371,2.18616932424958,1.66030149099864,-0.670869813077408,1.68129831379809,2.27902028058885,0.415553625762927,-1.07025985699008,2.26707208989129,1.03883512843627,1.12745612081622,1.79958215206036,1.72108799902861,-0.971936416464998,-0.39623989950318,0.562485879789389,-0.764895827032549,4.37782953827916,1.05328476512937,NA
BC_TSC_43988,56.45,-125.65,1300,0.0664233548339199,0.00572444117210626,0.0744487655550254,-0.954017031657069,1.14359442011878,-0.698472706997549,1.03279225157203,1.54097960213026,-0.970675798061308,-1.8025410824691,-1.39582428708316,-0.775957835068564,-1.82076362086373,-1.33417467927422,-0.121750842643844,-0.883113369457072,-1.50947107140922,-0.842679072780732,-0.142648277943353,-1.95112943297387,-1.43981915617409,0.590216794604786,0.018754139853337,-0.0477567376284213,0.316881372479161,-0.826601676313212,-1.96244834464809,-0.823591015291457,0.0662359918739441,-0.890500590627436,-0.721585984718574,-1.27893709971141,-0.391030575773126,-0.759356410088132,NA
BC_TSC_44028,50.7,-119.128,800,-0.0240450453628359,0.0219488282249279,-0.0111294304845008,0.85875099406193,-1.73021947051464,1.16307382311347,-1.24102238871119,-1.70592726426787,2.70290075031938,1.99990403581668,1.65884741013054,1.46568705367339,1.6810847452015,1.79204187320991,-0.141509708167253,0.834404781712075,1.74400384683568,1.06901318627902,-0.595614153514585,1.86477877317729,1.63729218799982,-0.409382349616192,-0.788964648777114,0.233212030471439,0.886744628128456,1.09759826821764,1.9702670329061,1.12732119340389,-0.327985556181142,2.03462205971328,1.43586620710045,2.05705611289889,-0.377478602172603,1.82911654137969,1.42792812845188
BC_TSC_44201,50.7,-119.183,777,-0.0036454292483075,0.0120799683661381,-0.0137244736169777,0.605412280477392,-1.6088434313186,0.957207258520385,-1.15465721714222,-1.51910120176138,1.99589347101877,1.67060104833498,1.47845753965292,1.3288630094566,1.34095716671231,1.63466527903371,-0.0437038372523988,0.338279130829553,1.52922399215841,1.00114158730284,-0.528486068156874,1.60181841529733,1.44867086783772,-0.237825354898113,-0.752142941388371,0.337021557508453,0.906361416333711,0.918638878082211,1.67660837889913,1.05727065611638,-0.363769839848715,1.7488061749248,1.79194495132326,0.606146169930895,0.473162395772956,0.785629853823782,NA
BC_TSC_44272,56.067,-120.283,700,0.0359324635675805,-0.0163687788668273,0.0722079055012281,0.643905811392237,-0.518088515784927,0.148700530087352,0.995017734569682,0.475341176443637,0.289079912317574,0.583101362060857,-0.265280782233255,-1.14290196016735,0.0801454009909288,0.173189653190893,-0.755298906773505,-0.85505241394111,-0.487604270888839,-0.991040618269347,-0.0412835712695749,0.788157161966168,0.00109110305239004,-0.805475532118118,0.173096358125897,-0.761167752830013,-0.826807614708191,0.0574424077667154,0.755345599121415,-1.11052779556523,1.27213579224234,0.79844321352141,0.941870126034965,0.799764944873277,-0.908017722797344,-0.242956715316089,NA
BC_TSC_44282,55.333,-121.932,775,0.0483389280613134,-0.000789052011280408,0.0499205739382104,-0.931159106968368,0.414310241484079,-0.249634254647091,0.238951528002326,0.193102961469154,-0.277707039342463,-0.0311741196745032,-0.0818304076503731,-0.391497935159236,-0.280926673092187,-0.275082451001881,0.57810284349384,-1.08693890177039,-0.189986817174654,-0.238784127318395,0.175146444073386,0.0875589515972806,-0.0306016226251341,1.04911639599834,0.0573025858361788,0.56125206713036,0.217132178557251,-0.346021657295317,0.0503700997012967,-0.325444988542917,0.266844761319706,-0.653257952842262,0.35337152758957,-0.602867977157708,2.3010385514977,-0.0973267212377826,NA
BC_TSC_44283,54.917,-121.233,920,0.0338773987995503,-0.00209952870141096,0.0586442018885655,-0.657750138634108,0.713770729799333,-0.332600960319295,0.202985517427561,0.238062519640532,-0.413961640725677,-0.211706238084049,-0.238337607496103,-0.359622110728304,-0.241239118726241,-0.518735653081946,0.236423184901604,-0.66196781666049,-0.251964599104739,-0.233568975920913,0.279624379403336,-0.159656210151935,-0.208429353565254,0.403383889492016,0.274149934283653,0.0204020240401497,0.0352533663910746,-0.495174284671469,-0.154457637254371,-0.270731086010641,0.166300047885457,0.230855527469453,0.161261030388339,-0.0674934780634664,0.541590389736064,-0.0518303348439275,NA
BC_TSC_44382,53.637,-124.147,1230,0.0616007349014547,0.0303024641585299,0.0801520918331612,-0.0346035974970002,1.477181456462,0.00388973867194388,0.104741049764305,0.427883460843597,-0.724556922899816,-0.853478691213417,-0.22714126331104,-0.303081915356663,-0.504052666629005,-0.945748040081942,-0.366456380473068,-0.443866329530501,-0.446369611666291,-0.209962226720083,-0.380370294262348,-0.944473804088882,-0.547239457878011,-0.0476847617532441,-0.270827463031819,-0.265022268054757,0.220566324327512,-0.262836230430001,-0.874909486677582,-0.117089104176202,-0.158903062995664,-0.323902171755852,0.138706672671938,-0.00429952093891498,-0.00236349009361041,-0.567435620204359,NA
BC_TSC_44388,53.613,-124.206,1166,0.05894327374101,0.00695138588843303,0.0499574363014394,0.396255020197424,1.19481184978505,0.474629028365429,-0.0254523761119799,0.162062842822846,-0.540059323956279,-0.48890611245802,-0.326308307953157,-0.317193392689552,-0.0966936961629496,-0.835527353758365,-0.523797123568906,-0.539754022680979,-0.183424548069334,-0.198064747509949,-0.669203930812579,-0.527697018835615,-0.442134097037041,-0.248091104196323,-0.536582023897899,-0.336606002000444,-0.16332083336935,0.185802421054301,-0.478788252918688,-0.0539750727596514,-0.0207286059726015,-1.05665863415851,-1.02284690535101,-0.951785345411848,-0.00478980290027836,-0.877711720126614,-0.368578420613746
BC_TSC_44421,54.701,-124.714,750,0.0708471565261653,0.00640187461759521,0.0958274286099909,-1.63131459169932,1.74423881738191,-1.00525151940304,0.809776440095425,1.66162929576995,-1.03493704873378,-2.31716087533139,-0.214144859474596,-0.159092846381514,-2.42473404421623,-1.08984186274121,0.750302805284638,-0.848389250721215,-1.65246064718339,-0.495059796306655,0.108768895125031,-2.70871088535763,-1.61042105681353,2.16952094780831,-0.283520264332619,0.669143453913655,1.95053810097972,-1.2217516423166,-2.82341521408485,-0.476965481967812,-0.556832287757512,0.73559850764858,0.864136171383032,0.220659146014668,-0.420979624018685,0.910060291397503,NA
BC_TSC_44487,51.833,-121.383,910,0.0181305490999534,0.00135727265875033,0.0493398072118376,2.04886440074642,0.136073554906348,1.62011933671579,-0.720662737993421,-0.858182799085898,0.325662902215546,0.698050924180192,-0.309762793215705,0.238571384868965,1.22294822878125,-0.217314891467098,-0.898980620302505,0.157240926089453,0.854449835558161,0.451024049335406,-0.992755548426788,0.607942725114308,0.128695659221781,-0.834751334792527,-0.746477221615091,-0.530165952881547,-1.03108279256148,1.13991681380917,0.725329077921242,0.532836880398165,-0.211862691578988,1.34551517468826,0.829459416254396,1.27057389315132,0.699618811438199,1.98957585092206,NA
BC_TSC_44806,49.433,-115.525,915,-0.0274095752352032,-0.00250432120919481,-0.0507241889009365,1.57706349898805,-0.829170051747008,1.74915793849628,-0.945512702845488,-1.2936505961356,1.90236718627778,1.66273683462995,0.377457295703275,0.691017233985842,2.08502542294578,0.643872813625314,-0.599754708289055,0.582190241062654,1.31866547072113,0.692737367665571,-0.874749806908375,1.75453146442338,0.7354908930215,-0.643980744466747,-0.908355575085287,-0.29805965037429,-0.339575812990943,1.47681937283431,1.63661267585727,0.794904259048298,0.00149716964278497,2.27529015499821,1.41572190542618,1.80661884432554,0.204898204740886,1.58600836917269,1.43390963884241
BC_TSC_44998,50,-121.083,900,-0.00227228257072196,0.0218406689007573,-0.0893835904446691,0.69507339373557,-0.299372692432682,2.05884155651633,-1.12108602337562,-1.19794742188613,0.435955213018376,0.778439082873334,0.438463344201385,0.939751664903023,1.52192463071802,0.383745002446608,-0.232594609256104,1.03513745322481,1.19039267624333,1.03583410717231,-2.00462746496299,0.668728783746697,0.626078878409812,0.0270149329593301,-1.88874441711684,0.531152431547926,-0.0259674705262891,3.86395528215864,0.714145084685127,1.03053114554355,-0.756408305199559,0.199315027519013,-0.0479322969079067,-0.0878868124198565,1.17259545815401,0.895228457515569,0.621344353461136
BC_TSC_45066,53.833,-132.1,60,0.163691711659178,-0.000930918512801166,-0.163190250461675,-1.40382575822005,-3.09018749124965,-1.21755329770193,-2.25832361407152,-2.57491665020369,0.294428633807736,1.27426653156681,4.26610159600936,4.07318999233267,-0.558097795693693,3.86102197853382,3.22361010241931,-2.04517549097835,2.54039436451591,2.81650224430036,1.05790322816711,0.259759860451876,4.48088135880952,-1.07600176764883,-0.0927842767799783,2.48173942410806,3.46297112021077,-0.822562727482189,0.18631087166946,2.91722062870071,-2.65818496049119,0.797277659857942,2.70545881642985,0.639308958220522,3.58129662812426,0.677619876100353,NA
BC_TSC_45082,50.633,-126.917,150,0.161959029785568,-0.000325609340852593,-0.149084478426548,-1.42224803216697,-4.6756134696318,-0.917083138463247,-2.37229137939302,-3.14462353526144,0.952612359294667,2.22718206156495,4.99304112197857,4.67023741254117,0.480535294047484,5.10128359649657,3.66657264222299,-1.60235439516062,3.11166082002553,3.17944171746714,0.770853454212074,0.607942725114308,5.41628722473201,-1.35671231530192,-0.17390911537934,3.11020937015052,3.25869594235749,-0.577112881830579,0.634451710893734,3.26077786488044,-2.88938029888728,1.07871648469841,1.78049089422604,1.07741688240373,2.35538457807684,1.33875600368865,NA
BC_TSC_45285,51.033,-120.317,1330,-0.0081990378280133,0.0211812381588227,0.00653642449570353,1.16309192398587,-0.583960307394839,0.879372452803942,-0.673299964106582,-0.648765509379684,-0.0506628744756579,0.313779245341026,0.289486595246221,0.556521054955727,0.475930370155584,0.476061009317571,-0.637800469260389,0.87263013898529,0.612146971344208,0.569057345078264,-0.825882354068983,-0.000962232208944985,0.365319857108018,-0.517002236683796,-0.734820844071626,-0.322520321838659,0.398843452411512,0.605251902767022,0.331028319943991,0.611092388542593,-0.577426914926382,0.924387002670351,0.778922287256789,0.81035804544457,0.255613866498488,0.696603144526234,0.321414345147136
BC_TSC_45329,51.15,-120.183,850,-0.0136593875123531,0.0195551653422273,0.00973223504713457,0.397059801416551,0.20883080549908,0.362522519435396,-0.44495249588842,-0.156000814863703,-0.516345079554124,-0.417697307884296,-0.27918459869038,0.211685577680772,0.155734551795513,-0.256621633078278,-0.417057416683332,1.00630703598055,0.158241690744887,0.444486705658303,-0.464597722671133,-0.623611295207234,-0.23464275293932,-0.198768470750279,-0.443842673851306,-0.209338928238465,-0.0479851217036746,-0.0672845238783734,-0.399027432747798,0.437648272692188,-0.675096503226463,2.29827525752098,1.28115496813708,1.89805042662094,-0.359185670195892,1.43839658634127,1.33180974777148
BC_TSC_45357,55.283,-129.15,300,0.188472969644989,-0.00320653311341456,-0.131860586155467,-0.649988626776919,-1.58380507825584,0.548007566985943,-1.39648546148857,-1.72794504627547,1.0438425702048,1.52354176713676,2.21336243025397,1.61737757783193,0.419024242700945,1.98139444325916,1.20330416314482,-1.94524305656731,1.71591700693413,1.22541943768008,-0.26565711150227,0.895515407116267,2.02689513028049,0.328079348806011,-0.726994500706915,1.37579864896459,1.62449451953122,0.329705864475795,1.16498954373711,1.31028153309043,-0.832369375826336,0.0362095431722739,0.621064494202448,-0.207413400467678,0.720580136359274,0.728969098732273,NA
BC_TSC_45363,52.167,-121.65,1052,0.0305692118690553,0.0122874356672893,0.0872169420622126,0.740104059933051,0.220000732816714,0.66679602700105,-0.61424085998041,-0.545131330172026,-0.177555955982694,0.167617537719382,-0.286074759906293,0.192558368730575,0.632998767726464,-0.268581258482978,-0.47078677995423,-0.0211172997530545,0.515225802550826,0.427417525265222,-0.395784696687533,0.0672999874446281,-0.0221789438413922,-0.463846072420235,-0.252542445501696,-0.304707519297481,-0.622532436854907,0.131889571093571,0.150878463842139,0.48066662455768,-0.393677755795748,1.05435311791709,0.226687667095943,0.656458511717202,-0.4191986464838,1.55981716367474,0.168221921610527
BC_TSC_45810,52.233,-123.95,1040,0.0403564137772952,0.0234183888497649,0.0781503787745817,2.9403665589886,1.24368439357353,2.06876241819314,-0.166367548208288,-0.153064140523417,-0.300959564499806,-0.0166196542262483,-1.28367426186821,-0.813052248960626,1.17255242530397,-1.30910375838115,-1.27995333025078,-0.45123889892917,0.133221718303437,0.00249761556480355,-1.49559443226857,-0.0606386108491481,-0.950630472606445,-1.01960297381929,-1.15604206091991,-0.866671009125642,-2.25673385968118,1.74519453633152,-0.0383063247884308,0.0111338244585102,-0.0236063769274447,-0.0656010720723435,0.398278087531632,-0.212964669052579,0.753644050433035,0.362584641119591,NA
BC_TSC_45815,51.7,-122.617,1240,0.0132137748195592,0.024486564223095,0.0124998114421527,0.887479912999254,0.487432852551756,0.960603386250887,-0.397597521846554,-0.197896045958833,-0.415783120883375,-0.261654026815669,-0.150366907039049,0.0150027551965866,0.360240041628823,-0.39087246687065,-0.65440265767773,0.856729681553947,0.17600176954349,0.334412003356084,-1.10118891046355,-0.302211419349503,-0.341230905399889,-0.378488147873372,-0.856467068438848,-0.376299753339819,-0.610234345512437,0.854301324631631,-0.317743592622791,0.325726076881563,-0.457502446983482,0.240056533202309,-0.339470799630668,0.189427457226945,1.0233783109935,0.917638400585776,NA
BC_TSC_46013,49.417,-124.65,100,0.121223217897142,0.0086846567852907,-0.153204537372663,-0.536198609108924,-3.80730610590268,1.37411979425761,-2.35228633039683,-3.47040059298322,4.11600404078904,3.52172557273452,4.32391022311329,4.31334403645793,2.31031476186429,4.26370926605452,1.89814949007511,-0.21866102158597,3.5063088002053,3.04119377223827,-1.29612381715404,2.0866368591319,4.94060011470662,-1.42569898422672,-1.52636219251645,2.384989510676,2.06144067098735,2.48546016887589,2.26191440128859,3.13410021715896,-2.17267466166538,1.90101715751774,2.23537941613348,1.07414496962457,0.769530545275639,1.62692270015658,NA
BC_TSC_46097,49.567,-119.05,890,-0.0343634843879163,0.0363042516102599,-0.0755882242275451,1.6870766573481,-0.224163649842484,2.03853337778027,-1.04246239624327,-1.31322842507084,1.33147017394881,1.32731427773532,0.337421069631618,0.998381867496573,2.33548161079841,0.257393652185911,-0.649955272203987,0.277341515420023,1.33032358782705,0.864532762019455,-1.02293818408313,1.3707884260516,0.536469468070214,-0.663704159106714,-1.00410048266548,-0.242066453701425,-0.393571462801008,1.55276929031821,1.36783308891304,0.934437646410538,-0.321689825883518,0.616177792410902,0.0407606731636144,0.294488272021754,-0.903285140720258,-0.17611764320392,-0.069208284515006
BC_TSC_46117,50.35,-119.05,1600,-0.0427290011191908,0.00424384468802318,-0.027239512251072,-0.628684474379691,-0.262984668796124,-0.147499083151351,-0.542110669888266,-0.340628340093812,-0.283830037000049,-0.138733965424563,0.598347837173793,0.474766486742875,-0.12284098564517,0.415141667412379,0.495630775499072,2.1251051396234,0.319105844475774,0.611992235566729,-0.249761712345575,-0.0530558930501913,0.281856140070341,0.953022354006924,-0.571213135376317,0.82801638038457,0.857345161003331,-0.0501321202470908,-0.10590373805854,0.557695958174594,-0.615913463443982,2.79686404685264,2.31718564090027,2.71236352070489,0.326796141390161,1.37058273525423,NA
BC_TSC_46134,49.233,-124.667,500,0.172508952108313,0.0218153956203362,-0.195746884365719,-2.1513203517488,-2.27081082353894,-0.291236225513297,-2.07498525041929,-2.34095795665533,0.835564896286023,1.44342219184121,3.47472235070815,3.57838792542757,0.93425899992648,2.99128695479799,6.68593864713699,-0.0920218843007711,2.33732415734266,2.45310996657029,0.320000878620075,0.822725097293235,3.47279258238496,0.785326069637026,-0.653907476833354,6.60589157127704,2.72217748626691,-0.214653997049194,0.769009543849813,2.47335528382677,-2.08402577847375,1.59122182306207,2.29059196027717,1.19768953127965,2.07947400699872,1.59276465132693,NA
BC_TSC_46221,49.3,-124.517,100,0.0994624067517627,0.004133608969766,-0.0765569098049309,-1.00084718064277,-3.32610462673744,0.719628260076627,-2.26812339217561,-3.03112140271597,2.29205923471346,2.603788324325,3.96751720470891,4.04956062496836,1.59188701334324,3.83011855542625,2.51916683412331,-0.213641879034346,3.03074885188539,2.82864843659084,-1.01962184775052,1.50352723531829,4.45854278071426,-1.11373846694436,-1.339272837096,2.97649990313506,2.58679406227277,1.60173711908852,1.65652434589329,2.89923953426378,-2.19139516585569,3.33245519557265,3.97244091740999,2.16137706596931,2.02102599710164,2.63719855958072,NA
BC_TSC_47216,49.3,-117.917,1560,-0.0335823935583637,0.0225937508412901,-0.0215066729745245,-0.708546232095884,-1.00883577160345,-0.204146541202717,-0.879314889758563,-0.844273942171063,0.441848985502467,0.515388503266628,1.5351600898346,1.13819806490973,-0.0586059822859711,1.30318688823592,0.84353003224768,1.31289211769885,0.837802281879109,0.871911756613868,-0.175900217271329,0.794861072791447,0.92535713568281,0.955052908346297,-0.309644232631432,0.948125012751208,1.62449451953122,0.188013066519678,0.670876214610924,0.852895920877497,-0.55671851746846,0.279225618244287,0.257283819995114,0.422349611072326,-0.929271761024676,0.30672847988935,NA
BC_TSC_47482,54.433,-128.583,180,0.174091627685867,0.00101304122232708,-0.0851640222975364,-1.38291080055934,-2.14488363810515,-0.0475686630512079,-1.60905305012225,-1.8900904774739,1.30816424003012,1.54885288287955,2.84063690850078,2.18836026511798,0.112300373054651,2.6086199901633,2.73660677156434,-1.56703572648446,1.8784029817371,1.48971718695094,0.225376297466254,1.21253156005184,2.57368954576989,0.847662526046948,-0.588071375376835,2.60209217925051,2.44159523094435,-0.0256845628173489,1.3032644216077,1.62841331030981,-0.993578347651298,1.59853044966379,2.96017673600632,2.35462628492643,1.22019986869219,0.510252999587823,NA
BC_TSC_47830,52.333,-122.417,912,0.0226815966323453,0.00976665383682496,0.0794326331926807,1.02303827713005,0.548634843879002,0.940587373075828,-0.340791911913701,-0.177552962020957,-0.374076309665462,-0.225044502813953,-0.584753114052077,-0.189767952377713,0.37865725297206,-0.598836806714202,-0.717243323739186,1.15869574081934,0.160699783165537,0.225345886344636,-0.913590565240094,-0.285661891412342,-0.421454489325774,-0.45930049874902,-0.689495799512027,-0.384820023553223,-0.826807614708191,0.591629212963828,-0.259735094536927,0.240615036655729,-0.33018467413269,0.163385861531025,-0.0573510777795921,0.119787256122048,0.537826916976929,0.179408487399443,NA
BC_TSC_47886,51.35,-121.383,1080,-0.0070167355173439,0.0211168233628084,0.0187885283285125,2.07123190665983,0.444656307170006,1.41913555936944,-0.586421853580081,-0.509254297235063,-0.175063547119513,0.138334142393664,-0.678191109781372,0.201121969750215,0.855519024556408,-0.584740351648647,-0.989935713899865,0.489783517701569,0.491218991681018,0.451024049335406,-1.07254873149565,0.187442754383901,-0.217446149380987,-0.836432409047319,-0.891022059742296,-0.605125301876466,-0.826807614708191,1.0565125323299,0.181380368388778,0.48066662455768,-0.380804074328433,0.481330639704957,1.03377718566631,0.684154132520635,2.62186535295704,0.538793067586539,NA
BC_TSC_47905,49.9,-118.2,560,-0.0531476701470992,0.0379303845187388,-0.0568571802445067,0.856516381536095,-1.70275987006004,1.3639429907987,-1.54965709845386,-2.11442990902498,3.84607958067661,2.68537477817665,1.65599362428503,1.95243337845659,2.51788578456001,1.76880058167943,-0.00764749049288014,-0.0266198894783622,2.17690217139997,1.40966759598064,-0.419422146631329,2.32604587758038,1.96749287515395,-0.717406449387532,-0.503511138130832,0.18209403589892,0.603118630264796,1.03515317746578,2.373758945368,1.49592072455208,-0.488336841137093,0.0120192045905229,-0.345520120747146,0.133594538713399,0.179885007689102,0.663274919225686,NA
BC_TSC_47906,57.183,-122.65,1165,0.0342429331260324,-0.0089603639606308,0.0702849683151942,-0.577565332582964,1.08495112690868,-1.55762408257956,1.04107383612244,1.3121425612292,-0.816623192146223,-1.1969931838049,-1.11804461206664,-0.764394223682548,-1.48100287950529,-1.16411812795947,-0.350206223722248,-0.580415383181837,-1.30761734557904,-0.766228532870898,1.13064481764384,-1.04017954999217,-1.03463134035639,-0.433053591085086,1.17212964763877,-0.849237480897018,-0.00970690329505564,-1.20500261078867,-1.08441350594506,-0.807549498100899,0.346174843606766,-1.48897205747258,-1.48660848211514,-1.25493020043344,0.365819963580468,-1.25511792877262,NA
BC_TSC_4791,54.967,-127.3,427,0.116872313854974,0.0134130915869307,-0.0165163519033824,0.995943307940654,-0.883752087201845,0.669728520053184,-0.693656766280931,-0.812784724002896,0.170642212210186,0.62151246085261,0.745592985122036,0.514748767756666,0.178340165412663,0.860298734098006,-0.510598726433181,-1.7142649089246,0.793845581369401,0.360959183914674,-0.70551246823815,0.482084848416619,0.813833198974242,-0.568581176839578,-0.743719768276781,-0.340268296976048,0.603118630264796,0.664013297291393,0.552915955658981,0.495395520548312,-0.167746277633793,-1.00114112859176,-0.186868156741679,-0.874316569914228,-0.342997533755071,0.439996675970203,NA
BC_TSC_47963,51.5,-117.167,900,-0.0515704484629397,0.0230269069671936,-0.0205308298870106,0.306454598608662,-0.235418162221842,1.19254453949909,-0.396416175835086,-0.580855576673717,0.525702551294531,0.810797184205392,0.0994910373224486,0.169385431514865,0.904462384856846,0.208630901393895,-0.202559856792335,0.157945828102013,0.58980207358268,0.145332428842894,-0.803624003433116,0.926628267568332,0.249379224372107,0.166040463460568,-0.663496002248634,0.249454808493925,-0.21398208114834,1.00242336301677,0.925613119464969,0.228384884840714,0.209807482105148,2.81022163961551,1.0931027963815,2.76802937316817,0.202518549091233,2.30373124141225,1.17730823183081
BC_TSC_47965,50.067,-115.85,1650,-0.0795574075900613,0.0417287092193757,-0.0495133332639084,-0.406498377426441,0.720619770213911,0.0814350510733635,-0.202619112429514,0.0843739168463561,-0.473167264315872,-0.423215434133392,-0.122153891563488,0.0691843709897097,0.0298282646184418,-0.467595741361255,0.0784980290581753,1.37851181388829,-0.0871558280608827,0.292745498923022,-0.400864748205079,-0.335386669048791,-0.381925421130879,0.620039838874204,-0.424577133317342,0.200325723203044,0.267819141518999,-0.000408399482225144,-0.367708677605025,0.238109700143941,-0.418124697868313,-0.829098007446847,-1.55323925410442,-0.380719535828876,-0.25199385800034,0.77897961520058,NA
BC_TSC_48042,49.117,-117.583,1000,-0.0612976381768051,0.0262629856076408,-0.0426038092654233,0.227387265856804,-1.90724778115483,1.08511609408173,-1.41683274520804,-1.93616451678568,3.84695142087136,2.29981986754897,2.08013385417726,1.80976681405129,2.03995082805138,2.09959770285026,0.376637152125235,1.03353021658063,1.99810578574678,1.25942654730006,-0.4297986074415,2.35681901669255,1.90238398421405,-0.215658824983173,-0.624281504734799,0.605844254167593,1.09321728523568,1.05670310931186,2.27335953307096,1.35484441956694,-0.330324020688273,0.365177183487821,-0.0525067052787793,0.433839557123657,-0.0197129983011642,0.505994981026666,1.03388685354706
BC_TSC_48048,49.474,-117.852,1780,-0.0354346751337768,0.0211414588095442,0.00291128613662572,-1.35445532015579,-0.128259462150537,-0.749609103079528,-0.493917146411446,-0.148696829561952,-0.404826328578849,-0.443364009680831,1.06281155097914,0.800119039552763,-0.774235666100904,0.606708529266659,1.48526210713066,1.27899976832392,0.127045349488833,0.669161123667174,0.0629907118593358,-0.16562510836494,0.290707872501133,2.2318537532365,-0.190325858365029,1.53124274978124,1.85556491781931,-0.341173587985996,-0.349171876074149,0.58335606698746,-0.71488038581534,-0.391990339398137,-0.541214932496792,-1.12914190978332,1.10654228961285,-0.352666545260861,NA
BC_TSC_48079,49.617,-120.433,1290,0.00582715665293985,0.0165415420420908,-0.0341902635271147,0.562675691752614,0.482797121252284,1.18727546424944,-0.774383310938401,-0.49540761315536,-0.388672189898733,-0.22091566436166,0.243043445448955,0.808704783506059,0.390486301307933,-0.132718285194346,-0.394729412003305,1.51309104551518,0.4658853308296,0.82873068576481,-1.3636822584553,-0.297240488377793,0.0549112146154897,0.0492743600760909,-1.31123920390761,0.205129071153036,0.505547434397771,1.33273224361847,-0.276386279765791,0.806147923728222,-0.925802123284534,0.0827409581519685,-0.183964297710832,0.378692435147067,1.4355573172751,0.0511969586235995,0.666929546489482
BC_TSC_48147,50.867,-123.383,1150,0.0316926708777405,0.0188605595924179,0.00632718695513033,-1.22996411759711,0.677192389773897,0.583098016677664,-0.487463105198387,-0.0355647576681447,-0.688586625035342,-0.777059139167848,0.0040355250711361,0.358942515090724,-0.163089560679479,-0.38038660841407,1.17495969842924,1.6687265035002,0.0423314547120807,0.603879765330054,-1.10221152766556,-1.00158308100219,-0.354335382011031,1.97862287737043,-1.20607870643464,1.23982996959399,0.396511942508035,0.515957794510925,-0.908444172442468,0.520063047424724,-0.976669789653672,-1.03143999765401,-0.382889247060412,-1.11968466909104,2.3215449249152,-0.68905512013654,NA
BC_TSC_48204,52.883,-125.667,1050,0.0540266148843849,0.00141132116368691,0.0395233206305365,0.269836217956564,1.27197104796499,1.08067007059541,-0.228776619649881,0.0724737716368021,-0.624274379556828,-0.6177370746224,-1.03007391160959,-0.420437320872031,0.204852635876061,-1.22853187325737,-0.422324274730187,-0.509467258360714,-0.0784254116784904,0.127418333138147,-1.22646133279178,-0.729490921844253,-0.809830015829876,0.0301949380470038,-1.0731142446137,-0.131821560157488,-1.22403315977732,0.87164430524488,-0.711337028312494,0.141559588443424,-0.405000104406927,-0.0347695749925361,0.139587622019768,-0.162642294542891,-0.0279457932223909,-0.0755809945339039,0.108345997126186
BC_TSC_48238,55.385,-124.716,1205,0.0793003083872035,0.0129592241648543,0.0515768543537056,-1.18179634137961,1.1333102863642,-0.668794965777162,0.805433116252454,1.27092064871029,-0.927466136214649,-1.60990687163398,-1.66423452409323,-0.709980464230122,-1.00779912829362,-1.46076652632014,0.286281985670408,-0.88564320948085,-1.23965540841853,-0.603859133503467,-0.0693436500284538,-1.68120851138453,-1.27283253270313,1.09983989085132,-0.165235935068082,0.261682820866358,0.377312831210622,-0.773581829218104,-1.72151431253491,-0.716501126276729,-0.0554184018206949,-0.0538529947077068,0.832265814133232,-0.317381699427841,1.32019868083151,-0.0403678686141044,NA
BC_TSC_48279,52.767,-122.133,690,0.0383448981956983,0.0226556549449245,0.0342217740698321,0.19124727736153,0.114084963235739,-0.332297660400016,-0.424214823318028,-0.217860140167657,-0.204175144153289,-0.193469195828739,0.206450286495712,0.329868128911441,-0.216370376715535,0.0339623731875812,-0.225407091438327,0.0134394141384994,0.214230970289321,0.413929498046315,0.166226042048185,-0.174844561185929,0.0662472343549804,-0.214736952096104,0.252749698592859,-0.22906776589933,0.439036283063728,-0.371725549517647,-0.130573548405408,0.439734809281664,-0.474131429929719,1.36216652748618,1.45708976354948,1.30460714568276,0.375179977412162,1.29421787007186,1.1891730545471
BC_TSC_48304,49.8,-120.7,985,-0.00728959092401882,0.0360961255244491,-0.00377390927508156,0.694389212773855,0.324693543380266,2.14744224747323,-1.00416766924146,-0.989216679018933,0.102830988792693,0.486137246125237,-0.0980322868391646,0.721575196720116,1.50052220976675,-0.226654707431674,-0.302734407487437,0.648402235109293,0.989400091533446,0.923157344872161,-1.90003536097489,0.330392109082049,0.197033567894013,0.111048768131762,-1.75475471168927,0.551685491686568,-0.498891500406059,3.18417479155409,0.415614150340451,0.929335924517604,-0.781353102529251,-0.699211183515403,-0.658195510764433,-0.747268760406306,3.97135244366062,0.013027753034436,1.29609025786661
BC_TSC_48359,55.067,-126.283,740,0.0856732681491721,0.0132961783072687,0.0300003408390521,0.528600272760952,0.174832309856219,0.58531850463295,-0.26560405039147,-0.157260806894839,-0.363629264258378,-0.167960659810789,-0.141553192146455,0.126371711454669,-0.206098523017087,-0.169578017533174,-0.485299547700275,-1.41289264890515,0.132396654238767,-0.0209218249391686,-0.867526143542101,-0.227038477060026,0.0411631575337726,-0.210030938061044,-0.783458067744632,-0.191601833224789,0.398843452411512,0.578104663177531,-0.151355103797499,0.11547433613948,-0.0664805780654388,-0.317618768511866,-0.619402769328748,-0.0901305587556124,0.847720289561976,0.556343841256827,0.231784774613796
BC_TSC_48390,53.317,-122.5,700,0.0459825569753363,0.00993328585665751,0.0343407990908834,0.319810158416983,-0.127460603234257,0.327273813398129,-0.442177337487262,-0.503990771469298,0.0643692375890171,0.367345334511046,0.114435156710089,0.194003373723713,0.370193500571573,0.140200048747503,-0.242121340665175,-0.408405028924214,0.497783109410485,0.175380165804655,-0.12335105209158,0.382662791667016,0.24294119659046,-0.241632618930399,-0.0699834298697245,-0.125131304085666,-0.0309523197417107,-0.00297049551658953,0.413439725182644,0.298597991625836,-0.0289425562600465,1.24052358952085,1.45343175805422,0.84257197403939,1.01307931351606,1.07848441827846,0.313267603040816
BC_TSC_48412,51.559,-117.21,1200,-0.0652769531470075,0.0196165044235693,-0.0499304541902564,-0.889835645913539,0.227431295530642,0.0783597413191518,-0.109956689751514,-0.0378360503898882,-0.238134064041918,0.0045336986983565,-0.270113157136291,-0.107842669289251,0.299506552507512,-0.261284589329679,0.660088049684751,0.726578796010223,0.0299720158203385,0.0335834299318654,-0.0911968743606498,0.116650670587068,-0.187523547882032,1.28136366003031,-0.130519664143915,0.907886235214591,-0.00970690329505564,-0.12539054269668,0.13821526197534,0.0234901013466531,0.0271889703432263,1.68417496869009,0.294113026860298,1.40592905071405,-0.979577497310139,0.910750706985996,1.02838024505457
BC_TSC_48420,51.615,-123.105,1300,0.0176860809154199,0.0224970144089328,0.0833500484324371,0.300994179751616,1.29482311214069,1.199294929773,-0.257820069510173,0.0908517971366169,-0.652388359265766,-0.68377461577931,-0.678191109781372,-0.603937954948722,0.374143417306758,-1.10883697083873,-0.446394356217777,0.768989274391022,-0.0971879069208801,0.249257912700441,-1.22084038683653,-0.812425322334112,-0.949399444331553,0.081055547547218,-0.944795492221443,-0.0890452204340868,-1.53216962305005,0.807194591774988,-0.794569319400754,0.23163154821231,-0.556565059869275,-0.70744666903053,-0.669064051310131,0.00561634806024121,0.162040662031027,-1.14915035049909,NA
BC_TSC_48428,55.5,-123.793,1320,0.0779703573645524,-0.00529893997109834,0.0723899638290397,-1.64065643463043,1.17862203401261,-0.965233076970011,0.767384150467672,1.18223572928622,-0.86915666838994,-1.41605186891132,-0.678191109781372,-0.595895784302286,-1.65601151734195,-1.01200266992578,1.13952571329703,-0.532201286633732,-1.15982414884328,-0.471817308489858,0.226837438480841,-1.48737657664198,-0.820798672278304,2.35413973533357,-0.0676574827732793,1.04217506881777,0.858453251605852,-0.885316495914308,-1.38886876885463,-0.614909743162114,-0.110135737272852,-0.878566608258698,-0.368019764460714,-1.14511020660086,0.340486764932217,-1.00358254231173,NA
BC_TSC_48481,49.584,-120.381,1000,-0.00926059276774988,0.020019391579938,-0.00617713723604981,1.92010408270446,0.17493686639085,2.22817228325613,-1.03631955562454,-1.10381774949602,0.378059713384894,0.725226054614002,0.289486595246221,0.875170727461311,1.83522341417509,0.0429800922877096,-0.795244120788862,0.600580001021844,1.09650891246271,0.899528195172128,-1.59065354405455,0.667630561472551,0.401618796032632,-0.56594131421577,-1.43658796116051,-0.121512756274158,-0.213704668873728,2.4232802700341,0.694512423603616,0.950146188432689,-0.623798009057313,-0.144860262847941,-0.502917031926538,-0.250162524516968,0.457936564657582,-0.166790744437118,1.33239095884243
BC_TSC_48504,50.85,-120.4,1120,-0.00196960970281008,0.0215949390412795,0.0324222311350734,2.70085578405997,-1.15699590555282,1.76692570204943,-0.941632213871155,-1.20063209782019,0.968304275822614,1.22830617327644,0.843564016975651,0.792095440399071,1.32179054768661,1.08055174794159,-0.997274245936032,1.01821905422901,1.20641169771236,0.74134915250495,-1.2924137895344,0.96308959080153,0.896107570409992,-0.931352558996068,-1.17081555962842,-0.538601732134243,0.194568274558228,1.86232714158427,1.23430712791679,0.826630063439251,-0.347441598519273,0.603636532301512,0.175576347843465,1.23915931485324,-0.20613830531506,0.561489022617168,1.12373964169035
BC_TSC_48541,56.217,-122.1,830,0.0420968495382658,-0.00211548878834478,0.0483848935292412,0.33739307461668,-0.0561412986908296,0.0338877782652349,0.66496874875542,0.384517908338905,-0.0893817119204271,0.206113114024225,-0.238337607496103,-0.660357435617526,-0.205119324581163,-0.0808537382873484,-0.57576945370906,-0.769672940568921,-0.398874991155984,-0.729308908093175,-0.20218986504185,0.315829349453046,-0.035574643394314,-0.501176650706276,0.0579144017425049,-0.614458748002785,-0.212386960569323,0.0490997934489205,0.340513471467472,-0.771420759450972,0.836037517443963,-0.632530311712845,-0.625571465340092,-0.294730012699033,0.328278740863354,-0.498088894711498,NA
BC_TSC_52014,53.1,-122.767,810,0.0417368909338804,0.0190164577657535,0.0671353473052207,0.768080981143411,-0.153396497785309,0.562611242834944,-0.434455226562698,-0.569696214180631,0.206910180939494,0.541223471413965,0.223452192196228,0.0748236761903149,0.451226415027541,0.194758887925561,-0.473993460290039,-0.259778804263225,0.563959116778725,0.150023926359498,-0.303144000165939,0.608281300682394,0.283297804785948,-0.468199462469779,-0.123100563715297,-0.29000325876877,-0.161368037975595,0.246576755247295,0.618786280442136,0.265627603919574,0.0874047621294225,0.80806468340333,0.475952302018154,0.978857402614015,0.244525176148648,0.726669012911764,1.04320492672542
BC_TSC_52110,52.85,-122.617,890,0.00911376744922855,0.00845641358036388,0.0595871008137023,0.61094719755439,0.123445710066503,0.440169228726129,-0.401520447265569,-0.439335652823815,-0.0131971815840108,0.295090891154369,0.0108438043789696,0.0393221249451623,0.395034088039512,-0.0705363765460869,-0.435870462187052,0.000367573089825002,0.444857924389936,0.186890195174294,-0.254269286998524,0.336187995752648,0.0878805416236805,-0.411595148793636,-0.139820835898681,-0.292479506925048,-0.21398208114834,0.0919021479373132,0.360999300426383,0.267056275112822,-0.0533661269166433,2.17745640735665,1.56524306964644,2.54469553682065,-0.717676992080821,1.41929573831633,-0.0263214710801733
BC_TSC_52193,53.958,-124.608,750,0.0797563631247075,0.0060497192799319,0.0615731948887532,0.56841873614365,0.365026520312218,0.549683955967095,-0.122988776492623,-0.0248300224107491,-0.381141806001516,-0.202879944875318,-0.109660860112777,-0.176992193946045,-0.0546908446918509,-0.243205454535273,-0.555020345653827,-0.727980126004956,0.0110761885613363,-0.0603820490486675,-0.712096859722018,-0.161367420341228,-0.144600398569861,-0.291488295709164,-0.596911782197483,-0.311892027655885,-0.131599207316297,0.392557535297654,-0.171227574228334,-0.0149514278454336,-0.00274319895999976,0.334387094710609,0.0802565146531434,-0.0963692200607444,-0.706023034433873,0.203841371434202,-0.217314265677785
BC_TSC_52211,50.95,-122.3,1000,0.0446990341085884,0.0339532015327547,0.0401622880953801,0.334510695057268,0.12655068670728,1.26162209820701,-0.725854129726228,-0.60475574047692,-0.163822360704389,0.101082772939228,0.405042102441441,0.737327394008139,0.385632954979858,0.134319546486401,-0.206448054362061,0.720225669564755,0.591647578176571,0.664449139261851,-1.37787619973986,-0.0302057659627639,0.243622013582217,0.216767609295283,-1.38378149277904,0.328687609413632,0.55576840707801,1.52446266781723,0.0643032534829015,0.646664136978054,-0.664242023904755,0.822510678558244,0.508573964819102,0.972344926536466,0.0416306757178265,1.03661149364413,NA
BC_TSC_52218,56.083,-124.317,750,0.0571789470846013,-0.000956753517127786,0.0474308095023327,0.344624413043087,0.368573218941997,0.267956633149805,0.597977334492706,0.584293117294515,-0.467260667694166,-0.414844584908279,-0.708476677159791,-0.412313007084611,-0.479106913663085,-0.561522894624066,-0.647828795567794,-0.951622488273076,-0.584273680181183,-0.794357931604386,-0.684274738214086,-0.150465974511948,-0.313060087703399,-0.320140896085328,-0.558837897930473,-0.431641049266887,0.194568274558228,0.353681494366653,-0.218156995668411,-0.693165251306543,0.720282421915719,-0.323875162657719,-0.304253685533726,-0.570824391262833,0.368735881573242,0.0560860302328977,-1.23972400712014
BC_TSC_52219,49.483,-119.317,1400,-0.0371515583752746,0.0197801303029601,-0.0341848284105688,-0.135850687285079,0.964341052438246,0.478982859365273,-0.573862648965541,-0.273175443867381,-0.434121084472183,-0.353691129535367,-0.414279008410211,0.499803716114834,0.457980192992356,-0.746759046883586,-0.0111731646469882,1.37157164444621,0.263126501286131,0.639877367550108,-0.512340913716196,-0.305272348723923,-0.334077602950167,0.369551255952721,-0.666467305703502,0.265793240937386,0.0216321120084627,0.106965095954594,-0.284468316009817,0.600450865360711,-0.74393722944505,-1.67299398805404,-1.67454233562749,-2.20986034916169,1.04068602490267,-0.604093132784323,NA
BC_TSC_53017,53.836,-126.552,898,0.0791581537512627,0.0114777702436535,0.0327853704858619,0.608126287378257,0.800275402507226,0.722071138281095,-0.241409724490519,0.0526770149523222,-0.599182319867656,-0.595474954338484,-0.238337607496103,0.0887744386821477,-0.313287835777935,-0.548115322985969,-0.592509151008186,-0.878480083811152,-0.068123953618552,0.137290311932863,-1.17071363010159,-0.741111912366453,-0.284227904929202,-0.186110111424374,-1.08413715957609,-0.211973731530934,0.322034539254459,0.775457583598616,-0.674921171567035,0.167644840747368,-0.419316640082677,-0.80079311928974,-0.777136307741319,-0.96222411280429,-0.244497894149843,-0.960377748136505,-0.481002191662305
BC_TSC_53078,53.274,-124.503,1200,0.0617014370039551,0.002766516798302,0.0703043078116299,0.0542256746504991,1.86863877253458,0.314939171306472,0.0621351237047557,0.48867261968751,-0.781743926648219,-1.04994101891891,-0.855474837057435,-0.641486656124836,-0.253642436927072,-1.47626971378597,-0.443896650246502,-0.0624302629662685,-0.502275760893607,-0.0211091336360262,-0.609067541340815,-1.13412882771991,-1.05517228370893,-0.0613795942261076,-0.489473150612974,-0.316278870869993,-1.03108279256148,-0.136745318889044,-1.10457305583734,-0.0410364313819747,-0.43311018520488,-1.18394018045524,-1.3550691714436,-0.127941431065217,-0.389403213647444,-0.825361357344248,NA
BC_TSC_53087,54.896,-125.212,750,0.0438573669419924,0.0159769519178776,0.0379343308542337,0.929853364660856,0.174832309856219,0.806731602533352,-0.108299685397469,-0.148323792551159,-0.173822975250326,0.112650682829586,0.335947195286192,-0.0610232217928517,-0.206541957065659,0.0546563519000488,-0.685938176719824,-1.05489250984902,0.127541242916303,-0.198823212653835,-1.14409363740603,0.187442754383901,0.183205480080204,-0.333710479601588,-1.05245415868673,-0.300444437490607,0.194568274558228,1.18537393892415,0.172351776972663,-0.0671216836859185,0.269289058653861,1.11359492222109,0.408414919988799,1.13573561384083,-0.231202767924051,2.17031573834014,NA
BC_TSC_53113,54.077,-127.249,835,0.0675529311765338,0.0211447665972031,0.0185561414245511,0.144703261673536,1.0217355411954,0.747277989281691,-0.323892424073722,-0.00588450443706827,-0.57080929257893,-0.569626901358955,-0.062396206581995,0.219846320165498,-0.304985143923569,-0.607819436125089,-0.316806075313985,-1.00582112033143,-0.0178405680432757,0.285777480321534,-1.14436735177249,-0.7136288569895,-0.309323097129867,0.18429679194164,-1.20281029642184,0.108026913715768,0.398843452411512,0.722575797883212,-0.606066488607323,0.271985352428337,-0.554408275048536,-0.548155200850242,-0.365442289446486,-0.492833079129613,0.99224540311547,-0.421871405543789,-0.312269457076223
BC_TSC_53131,50.017,-120.113,1450,-0.0069391077946462,0.00763163601793181,-0.0369216749601655,-0.0584126272628507,0.405805918403268,0.918279760510665,-0.613072866245929,-0.267565337616412,-0.516087289242731,-0.453891790191264,0.23297197075521,0.638484195317861,0.0267759809526366,-0.115021164563941,-0.0771917145414118,1.1797707345367,0.235824864491074,0.707791291087594,-1.25901265046555,-0.459258350324224,-0.0353317723531728,0.56530452359584,-1.15969725657178,0.538545248941583,0.767200198217902,1.03826466749305,-0.439416284770991,0.663262644383078,-0.877108880540639,0.415022848307257,0.706815733997552,0.268833731035103,0.86787496712264,0.0301111420627063,NA
BC_TSC_53158,49.662,-120.552,1450,-0.011959410896866,0.0258295236243559,-0.0191481042968141,0.319202146038896,0.624721456484583,0.953070918652084,-0.732854027886618,-0.358803311759738,-0.518365358990196,-0.459560736348241,0.289486595246221,0.822070543976449,0.108417530377234,-0.217314891467098,-0.2961817521044,1.92609305960457,0.336562864453255,0.852337322400317,-1.33471427567718,-0.524336470134446,-0.000550082724474991,0.21797527291896,-1.31446336906871,0.331071603187594,0.775401003774115,1.15385792400617,-0.555880617613572,0.797773791037521,-1.03723835752995,1.05782184443833,0.772201932832621,1.91240781185944,-0.674192146465148,1.29221848681346,NA
BC_TSC_53173,53.207,-123.359,1200,0.0455537315084249,0.00954769187100812,0.0480271403370177,0.0819340013817484,1.08620110615415,0.0783705787612014,0.0753655115892405,0.316777297396703,-0.593719991605462,-0.660816933363155,-0.716411168285304,-0.432469505305748,-0.249841159616199,-0.966726708725988,-0.40244910705189,-0.561069238596448,-0.321774366081706,-0.0683224069070404,-0.349151609797154,-0.585611773327149,-0.613323723365283,-0.122052825625255,-0.175127276054416,-0.263938335729861,-0.203169236422188,-0.158951576949826,-0.62700599534969,-0.0523695279431409,-0.158244694617549,-0.0428927002642125,0.339022662476158,-0.316349000203408,0.297616872682636,0.0533818170358856,0.328326902005149
BC_TSC_53234,55.02,-124.236,1000,0.0484349465388263,0.00397382497002393,0.0444610665316218,-0.975132432958902,1.03956536733125,-0.252752023420839,0.612225139443469,0.799811281801358,-0.678047296128178,-0.858772079730677,-0.766767199427668,-0.607873682834135,-0.611179045706022,-0.998622574176433,0.296415899154899,-0.848930501361317,-0.804765725703616,-0.587668863149487,-0.266976676120412,-0.776130708898399,-0.663206211755647,1.03641057390993,-0.47000065835331,0.328615981932522,0.194568274558228,-0.29421941176579,-0.711819529335051,-0.615089353226806,0.277060715918366,0.211691262525286,0.216377385788728,-0.066396908878073,-0.378338244868857,0.253674768260809,-0.465642706900353
BC_TSC_53247,49.108,-120.377,1950,-0.0395942711544275,0.0298753115921971,-0.086799620281903,-1.2513628125784,1.77739851116268,-0.0606553939294851,-0.320955980742618,0.559303606050219,-0.920753102500016,-1.76357766602383,-0.196089227579945,0.65950569652797,-1.352304738183,-1.09839182966306,0.860659933321746,-0.0698178462523194,-0.53998208985332,0.809084660006066,-0.974343719577395,-1.98939763834199,-1.06382366142501,2.20702220949028,-1.00286019956456,1.24840668044916,0.937325613367319,-0.115193961280007,-2.1314245838799,0.654822090795878,-1.55459507691779,-2.43194086961663,-3.06956505895139,-2.57273042759247,-0.0981190872765771,0.135727483717625,NA
BC_TSC_53264,53.353,-125.647,960,0.077491873011157,0.0024445375062174,0.0141074035997784,0.867894230751958,0.753704277273145,1.03698983464355,-0.317811982214782,-0.171896556850209,-0.389196370237331,-0.206125901492433,-0.062396206581995,-0.0912283261649849,0.0216245277011515,-0.453679369229163,-0.650140105571063,-0.447095066011885,0.149055992896757,0.0864436551779736,-1.2875722397924,-0.208631653028561,-0.182383796420993,-0.314297601241072,-1.02525094903216,-0.31658952106892,-0.410626083705919,1.23985947033942,-0.220619653217232,0.18117455347367,-0.165511441103124,0.0151076683009295,0.298243124012778,-0.291380620455668,1.7240269089312,0.446326382852582,-0.582274835556583
BC_TSC_53280,53.21,-124.398,1225,0.0792287292571528,0.00748727263479355,0.0629391481416455,0.379218981065269,1.75655181782534,0.613958152517284,-0.00234474047672666,0.349424649972491,-0.716991033743168,-0.855982026214099,-1.03007391160959,-0.676522491475017,-0.000292955767793663,-1.49921770847997,-0.582508951517511,-0.377869034073417,-0.339772281930739,-0.041672566774211,-0.736595566077518,-0.914195065510138,-1.00575247298848,-0.240281958522259,-0.570750705313371,-0.378013826163085,-1.28191725691972,0.0948401701380998,-0.897195038685983,-0.0376738424007582,-0.312572768805463,0.966762151863089,0.86431314945513,1.17275864851786,-0.836726247150638,0.331281833187222,NA
BC_TSC_53286,49.296,-114.908,1200,-0.0456510335368013,0.0288470632096707,-0.0220183434496967,-1.070302071548,0.22540360363432,-0.574071342749411,-0.295788657231506,-0.103997868167617,-0.325584322672499,-0.153630013860531,-0.19707449512962,0.1374538926057,0.278345929394114,-0.217457898502495,0.982152155581673,0.0895553189963233,0.0896094395801438,0.354476772115015,0.688915207228875,0.0543407354553412,-0.143407162585124,1.37789399433857,0.280941994770951,0.858558701000572,0.265339574502668,-0.681117774653491,-0.0755961021434442,0.286689993597215,-0.328287179738162,0.503177564545578,0.525373308164416,0.463022313517094,0.795646553421222,0.459124706454466,0.940273689681913
BC_TSC_53298,52.585,-125.54,1210,0.0545095766987597,0.0131734137797229,0.0487928837514563,-0.362376389068737,1.71465636683654,0.869970303764418,-0.0558334332847197,0.458784682730567,-0.834477585165541,-1.20577792693246,-1.69445565980627,-0.736770556801863,-0.00962039017138285,-1.80329701060702,-0.135113312877155,-0.21866102158597,-0.453985654304985,0.120530911307662,-1.20387644890308,-1.40226463683859,-1.43628724435155,0.571830856272265,-1.02083217287511,0.134151450765853,-1.64390832612133,0.456572391065553,-1.38831363326954,0.0633040802989951,-0.678573111594221,-0.548154547881505,0.449349763628725,-0.910803076274966,-0.0384700289398332,-0.930558620530383,NA
BC_TSC_53308,51.333,-122.55,1620,0.0268450932925383,0.0165615726913414,0.0478863540633797,-1.30048720607317,0.889046249993801,-0.277022549119972,0.0394169515150918,0.73329163951505,-0.894839945968448,-1.59276711881501,-0.16309350327674,0.234210655514982,-1.57709143570565,-0.588430065575817,0.810848010580823,1.12395435611299,-0.723093713076231,0.256673040763419,-0.773434470465153,-1.89160429621179,-0.789205151362436,2.0347680800939,-0.560723537389823,1.0868733370612,1.24288899986824,-0.277580758053473,-1.88071025027484,0.161569692007981,-0.961137499377477,-1.725174264159,-1.37962963578978,-1.96524601591065,1.20818763133457,-1.30982992637379,NA
BC_TSC_53313,52.353,-122.956,1230,0.0237284232871956,0.00783452289221937,0.0300765842651967,0.94202029367729,1.25270914974245,0.791111137087123,-0.0674755612115295,0.191485806342578,-0.623542951096253,-0.631257379210676,-1.2060153125237,-0.680526076737765,0.262725126607421,-1.26300285844938,-0.793261180209469,0.324473110687925,-0.211682790091032,0.00249761556480355,-0.756461457121675,-0.653557187076912,-0.90948078208668,-0.543801760999176,-0.518199953144688,-0.530549533909737,-1.25270325080964,0.22896216679067,-0.634928927313876,0.00717892029165504,-0.253753529365879,0.31714662824288,0.0284799338664983,-0.0107944290284301,0.0822398969710647,0.561466537154291,NA
BC_TSC_53351,50.184,-119.673,1655,-0.0193724340919273,0.0070854497078157,-0.0657144101627602,-0.535206079012609,0.0894507388012142,0.337700026482285,-0.663186209192148,-0.360051398354359,-0.476345588523784,-0.34382516606363,0.735265126093158,0.682188632050506,-0.214252575447142,0.311008380102504,0.391989929485178,1.98529131616096,0.344830142717284,0.727044801566325,-0.794440959041691,-0.39014482222027,0.197228087034516,0.888512752137801,-0.780184186594256,0.824109509294671,0.969044122428523,0.389506402568917,-0.363896516001477,0.655241263869293,-0.861970817545111,-0.986797757924618,-1.1950202918068,-1.40843570397772,2.11476686167791,0.211548299235542,NA
BC_TSC_53360,53.828,-123.121,713,0.0495203471186683,0.0121353498836783,0.0849968879744935,0.509746877949242,-0.67207092148296,0.742559396704917,-0.444367507515463,-0.681197902685068,0.472868613050147,0.796613226110746,0.289486595246221,0.0464364352425693,0.552156310471564,0.480576986115925,-0.296236443136928,-0.773809266542515,0.667243480964582,0.0900099497295609,-0.496766058041707,0.853297726339709,0.47766188574464,-0.258749841111409,-0.43942556282309,-0.145959827583886,-0.231220604572375,0.543542268074004,0.860458763941092,0.238259955655124,0.231756769459932,0.293861652507638,0.761345279044906,0.327462407200524,1.06037053849749,0.0220589464636911,NA
BC_TSC_53402,53.597,-124.856,950,0.0589361114360331,0.0111185479482302,0.038362837169348,0.90591070580092,0.944744338346382,0.850540997041141,-0.208112847305587,-0.0931024095172735,-0.39114186734936,-0.199308933479573,-0.150366907039049,-0.222791637917875,0.0647539749203045,-0.607819436125089,-0.690473402688669,-0.551810174248297,0.0790806007501071,-0.0265926407626604,-0.924619003506712,-0.174324380786907,-0.25386902478655,-0.450906790333364,-0.688359705900591,-0.417471954823303,-0.418257259001623,0.662215885456489,-0.173154695994651,0.0572446039059735,-0.0367812409816668,-0.385081381337401,-0.0436764447928816,-0.399115100977026,0.651408712004758,0.170723098431043,-0.219585015489513
BC_TSC_53411,54.758,-124.121,850,0.0735479339402303,0.00531841697381241,0.109352205615767,-0.331863187652645,0.768438525108417,0.292750028313304,0.377954548273446,0.407547652450258,-0.459317195693597,-0.367989637301297,-0.326308307953157,-0.427947346822527,-0.295975690238284,-0.595238789427784,-0.144917964022952,-0.848389250721215,-0.420839534499239,-0.479792786728892,-0.682953358513938,-0.275711436180392,-0.352576928980891,0.400076505708395,-0.74400973856831,0.041004444967461,-0.00970690329505564,0.315611009506557,-0.230904361393385,-0.450835700298799,0.370474060691609,0.339126691253302,0.0202084691200124,0.818203348435694,0.348015025591552,0.909348441119729,NA
BC_TSC_53426,49.501,-120.659,790,-0.0146040706263722,0.0186703942097676,-0.00546165367733324,0.953297921072589,-0.261285918806505,2.34407501452384,-1.18469336252625,-1.55152830376165,1.57847654229656,1.59290652860544,0.465427996160328,1.02064623014418,2.50719119868267,0.367361096884306,-0.253911387906113,-0.222819117696267,1.54884390238804,0.954611247844226,-1.49038278730561,1.38587938648226,0.812798912915744,-0.208955926773592,-1.42556290531821,0.381698745512192,-0.583835762290484,2.60477846874225,1.46642874290711,1.04959854503587,-0.397931353501911,-1.23156475787492,-1.08600572191712,-1.37125013698454,-0.146499789922389,-0.963896737455731,0.461287822227498
BC_TSC_53438,52.686,-122.262,1360,0.0525074699793351,0.00306050389389468,0.0980180693528931,0.335760461159697,0.0208499041581866,-0.282046223113347,-0.406582678853658,-0.164370336733517,-0.440012593873167,-0.327100454939406,0.339088238973165,0.180215468937483,-0.430901367998086,0.154265055506662,-0.377907120083625,0.313624075666077,0.150818078326009,0.403810776064392,-0.0900348588606023,-0.350546948673587,0.0550090299547136,-0.321468940689968,0.00636439199913916,-0.295928959480518,0.398843452411512,-0.288951930519847,-0.303661134462641,0.388855407493375,-0.530166384078332,-0.223740789501466,0.249084497000005,-0.102902055582821,-0.426960659757464,0.280901803068203,NA
BC_TSC_53454,54.765,-126.88,880,0.0797062719889641,0.00859331151738404,0.023614469588775,0.428273219285648,0.675465444763703,0.527809989542026,-0.306389043151783,-0.0160576999388552,-0.586275403703414,-0.540113718015293,-0.150366907039049,0.127490286748418,-0.417412857788564,-0.453573107057028,-0.474902001116126,-1.30421912926062,0.00905182958120868,0.188010445265116,-0.963358661770713,-0.676844998993473,-0.202388144830231,-0.130112773461005,-0.791365288795249,-0.156914865481912,0.429848170339164,0.489377533324142,-0.549492234899144,0.238249756191616,-0.44876197838159,0.220087351717942,0.14613107172322,0.448836876121376,-0.152498232982828,0.679552037349588,0.101528113644361
BC_TSC_53470,54.794,-123.817,900,0.0506293954769548,0.00560149434540962,0.0498103445701649,-0.579319882588299,0.636779526950317,0.236526863541085,0.379352703535005,0.381504510074414,-0.412608317026964,-0.296653427782559,-0.143840516267226,-0.408195135712668,-0.312198917432701,-0.410549837699541,0.0862904966643297,-0.914384294095192,-0.39769395140398,-0.473450406190585,-0.636541348611853,-0.163278567710322,-0.247982875594955,0.714957047754335,-0.75323669315248,0.270606789003358,0.194568274558228,0.297509047745677,-0.141587484530825,-0.448358972038313,0.397329581519208,0.851961164072963,1.15348001795825,0.891168158173064,-0.370311808801916,0.518542033871731,-0.570901730099332
BC_TSC_53506,52.912,-119.302,1500,-0.00593392379630082,0.0184176449339467,0.0227765582149311,-1.2351607860297,0.492041563623178,-1.02921020884155,0.143773853621753,0.477535745241175,-0.675323650462073,-0.803853661675832,-0.362344401466189,-0.192462961690175,-0.648004359569838,-0.423910733430252,0.895537409294393,-0.16273804456185,-0.462275693753826,-0.0407144107479781,0.772727344874756,-0.826653516596343,-0.476121037034544,1.4459314587214,0.61442567069485,0.678658575439056,0.384734388804443,-0.974135349851288,-0.805610349370927,-0.0869837706459166,-0.294736409690921,0.0668103250387514,-0.155531885071747,0.0712162828232308,0.306277403473699,0.240772303693431,NA
BC_TSC_53516,49.439,-114.789,1750,-0.0709108067622335,0.0397084379032648,-0.0483552025526194,-1.36673750426587,0.636779526950317,-1.00946862048333,0.0636742049788736,0.5097439194922,-0.730227102772816,-0.951865610480924,-0.414279008410211,-0.0427303014397802,-0.648516937863146,-0.606818055842504,1.07286225567618,1.44974144909781,-0.504682727302688,0.167744184578676,0.658557960683586,-0.836543818808582,-0.435983401814364,1.87498651561979,0.329566135288885,1.00105477459116,1.21594416382465,-0.927540941150654,-0.939952008033745,0.0360150425337724,-0.486015574464354,-1.49432675023568,-2.00901121255315,-1.76889499927665,0.103870661030061,-0.368495081025124,NA
BC_TSC_53522,51.927,-123.438,1098,0.0141010509832401,0.019297740570454,0.0676768704054838,2.57920921084162,0.858634395926533,1.9034097749761,-0.345850970683496,-0.340102516647747,-0.15346256972381,0.146748378167619,-0.92312540104722,-0.540216306190522,1.11426010065547,-0.906406208781521,-1.16315527279709,0.409253529953594,0.326564696292457,0.144137660508491,-1.38853653937572,0.128642318287866,-0.60676620525447,-0.939016476730167,-1.10609045591315,-0.772914433062774,-1.80647036054777,1.6212387048192,0.152157062728676,0.146886196068327,-0.0916939261937065,-1.17322542857247,-0.821828816243164,-1.60077232117541,1.66669406946061,-0.261841129048682,NA
BC_TSC_53527,51.696,-120.066,930,-0.00872027182638548,0.0290952954484434,0.00345852509461492,2.04519294138644,-1.17203677423685,2.0468354522227,-1.04984528001189,-1.61218055008564,3.22902794387958,2.1628666679711,0.818701448099529,0.968600336016645,2.36096561237604,1.06308899995253,-0.690314240622576,0.216208719474535,1.6828502046582,0.732157968781504,-0.892842362832967,2.10993383722289,1.14487476458432,-0.821031351112183,-0.738534557108003,-0.349771745035381,-0.21398208114834,1.68547122706526,2.17557150623651,0.858739715932447,0.104821317696767,-0.557969181212208,0.339122613775864,-0.924389559131728,1.15929462480766,-0.203441492949038,NA
BC_TSC_53557,49.723,-118.93,1800,-0.0520727030411496,0.0336449278615472,-0.0271636448549751,-1.01470401659028,1.14356035113559,-0.497492715333004,-0.186001476614652,0.388073003964814,-0.767251947074983,-1.12924290698177,-0.191732036209041,0.472778622731059,-0.681159645976559,-0.740267454374004,0.595291007259701,1.60391005028567,-0.376003062204007,0.493624620815658,-0.0256030778223548,-1.05712666074532,-0.65162843251296,1.42283250863884,-0.259914922323145,0.806644190704573,1.0929351974733,-0.587869075208014,-1.1168782730745,0.393587461026016,-0.892658809621337,0.261117195595737,0.0979553235046017,0.340187778942038,-0.99489017481606,-0.219643010028575,NA
BC_TSC_53581,49.883,-118.921,1725,-0.0313502593034766,0.0210173698867201,-0.0351583190544097,-1.18643577648987,1.07568436347983,-0.90284615414661,-0.275989213470804,0.22857190249892,-0.710464000314662,-0.953474126606534,-0.171658887792372,0.464829309548344,-0.241519422041725,-0.69624578404717,0.928684193123391,0.91740605532304,-0.229866608205863,0.529527780730025,0.918108516219499,-0.869277373477424,-0.591873819857628,1.37366838864961,0.422940850920936,0.656008424561283,0.672011942619871,-1.06279570647284,-0.980229602354007,0.410217935042277,-0.847941794382778,-1.73704698722061,-0.984966355235735,-1.70233072179496,-0.238834267933119,-1.59741281628268,NA
BC_TSC_53633,56.052,-124.599,850,-0.00433806589507259,0.0157173756049378,-0.0172017463084084,0.0660331414038452,0.699777776046668,0.145808714557432,0.746617525930348,0.865759463134963,-0.675690973995904,-0.805678192311817,-1.03007391160959,-0.622590162257577,-0.604578875614243,-0.868155799230417,-0.601697244472989,-1.46628203243365,-0.881323245222792,-0.851632518542781,-0.655350498912294,-0.641972288366539,-0.654116054435496,-0.187860452915896,-0.50695343516833,-0.394490300176154,-0.00970690329505564,0.110729347789167,-0.683834470026744,-0.776161768610106,0.56413534601332,-0.474953194970424,-0.706238174969028,-0.799716488047194,-0.254010903809278,0.0269811364041174,0.00265052004882577
BC_TSC_53635,54.592,-123.171,778,0.0588631739077667,0.00813106778187954,0.0593024649458901,-1.29122604170761,0.765241914650773,-0.680197884768774,0.6723381480463,0.989962268161135,-0.789754310472688,-1.12843853413974,0.0933431825846967,-0.673388194930337,-1.82028043922537,-0.367447782058664,0.664486101614866,-0.719481515052676,-1.00209054984072,-0.521489908929709,-0.202141220844097,-0.847895552956839,-0.498331788266049,1.72338396155232,-0.400532673048507,0.736268150491015,0.888035062754177,-0.389936344517605,-1.0336632759297,-0.591471376022049,0.184627206735325,0.0628705022207422,0.351720852570681,-0.203873737177082,1.02248462430863,0.0502676504996432,-0.335164891149586
BC_TSC_53639,50.302,-120.894,1435,-0.00771382666349338,0.0362779223473613,-0.0425964338987235,2.11946699853347,0.741910535125298,1.38702763311301,-0.563602415606534,-0.234139501775192,-0.492799862314786,-0.456328553238695,-0.136714105611609,0.281057960250497,0.145593947950843,-0.450120414049637,-1.07295926840835,1.32688881421022,0.225205789694855,0.678462621406798,-1.66598434801241,-0.412349879782038,-0.280493693200534,-0.62654761094985,-1.49089185610898,-0.444840339349939,-0.182279936294347,1.94962375593711,-0.452661716067637,0.597510061510637,-0.822937025117771,-0.347416323896142,0.0773984122803892,0.0549178949514336,0.288310364259779,0.155790637326207,NA
BC_TSC_53666,50.356,-120.651,1590,-0.023817126106089,0.0290607208509431,-0.0204810944867437,1.22746373118847,1.09600005059635,0.770655836363779,-0.385571747307694,0.100784899668691,-0.727142419914848,-0.886504348545657,-0.414279008410211,0.0337913915482927,-0.164895591790472,-0.823381355758922,-0.881163732891269,1.27192672597852,-0.111498164213396,0.593415017546364,-1.19854809416716,-0.8878869991182,-0.615776331842528,-0.446668304792187,-1.12480876375174,-0.39070447046256,-0.220479450658764,0.732223460561305,-0.931168990614774,0.481499249054249,-0.922662857052917,0.716242818118015,0.447368943291673,0.563439998941884,-0.0898777660040255,0.734859243451991,NA
BC_TSC_53684,56.064,-124.563,1310,-0.0399120159467482,0.0470670723547772,-0.0751385496892796,-0.365912214898225,0.880910811765508,-0.295961498705033,0.831963694023892,1.17525319077037,-0.828238164454721,-1.34001384302541,-1.28821803660343,-0.683255371882985,-1.26850274163847,-1.13077332317121,-0.448503197786339,-1.36284310462466,-1.16079573081399,-0.734763148235925,-0.520945128456004,-1.36385550153857,-1.0295254908027,0.0976237026423539,-0.383926819003125,-0.298453714855016,0.0621740457478304,-0.299448635039043,-1.36043060822765,-0.733075254476296,0.205789803409227,1.14042251271306,0.326720906584113,1.05337819840653,2.62412172682566,1.74792513984029,NA
BC_TSC_53693,51.796,-120.536,1242,0.0141453967046428,0.0246385279091665,0.0210744564956096,0.0590556982561996,0.817215910702459,0.182389683676248,-0.43014323430038,-0.178095320795514,-0.447254610691661,-0.339729843146421,-0.495771641844472,0.186875491950839,0.425548643949692,-0.721070746080753,-0.181298662089671,0.279517778395967,0.175972307096145,0.425315480430415,-0.0830649439587242,-0.453664119491132,-0.439787640433612,-0.0580941163328726,-0.0687421952666103,-0.113938603485287,-0.34806805728509,-0.330761716362762,-0.312893794411594,0.389204801310355,-0.587429439990542,0.733907273153802,0.843667295234503,0.633569268704899,0.597495651598583,0.873503195393824,NA
BC_TSC_5750,50.35,-118.033,700,-0.0418568988282815,0.0200185862499572,-0.0397820515994202,0.170634655526191,-1.54400075795966,1.01013702857441,-1.4151553819366,-1.87560685254066,2.88457703898801,2.30460845701382,1.69335325159095,1.79493426279819,2.07715871246691,1.7244372834347,0.394591883261314,-0.064512689146078,1.93035971878257,1.29598708869859,-0.301425117506544,2.03234217065515,1.77228013497369,-0.216857969649478,-0.408349739266893,0.672333596853969,1.01166898597136,0.776380289859183,2.09495060061083,1.34782575826126,-0.476432852947391,1.45305499011887,0.625144598030545,1.0392149218502,0.686437697231818,1.65140384593598,1.36338682294911
BC_TSC_5801,49.25,-115.7,1400,-0.0647887910665382,0.0201085277748634,-0.0401809171003252,-0.192793719074763,-0.335995674574028,0.544685371394355,-0.748291639697634,-0.707040636879582,0.253895105454593,0.524866053824917,0.377457295703275,0.611427673254058,0.589826260618374,0.374294289822638,0.228493208413664,0.621706041956306,0.715566285092807,0.663582498842917,-0.579609486421148,0.676069743695007,0.414902786022009,0.473721472365356,-0.875480223017675,0.43220631981057,0.454724882290566,0.58297578232133,0.582111014544764,0.71197378949013,-0.399840754089479,-0.198101706815384,-0.531980777793935,-0.171167524901959,-0.429982269693197,0.317711981373799,1.35716897149961
BC_TSC_5802,49.583,-115.833,989,-0.0288269449309972,0.0486904894974595,-0.0317456395057689,2.68607974698153,-1.07288311042368,2.49352363730403,-0.969621362652501,-1.44781277073781,2.76070733593208,2.04668162222281,0.377457295703275,0.680697198325507,2.48611503919757,0.793917648958974,-0.928857550072406,0.764479853315999,1.4853099255431,0.656685846655977,-1.33681795572178,2.10480077954092,0.861106907805986,-0.876000937718284,-1.2266611259956,-0.473464584823058,-0.501199632870664,2.59931161830944,2.01976806373881,0.786176503494773,0.167537850991532,3.02092925908339,2.76691902073023,2.50608950817409,1.15599798418571,2.67167848206863,0.768474458414306
